ISO-10303-21;
HEADER;
/* Generated by software containing ST-Developer
 * from STEP Tools, Inc. (www.steptools.com) 
 */
/* OPTION: using custom renumber hook */

FILE_DESCRIPTION(
/* description */ ('STEP AP242 Edition 2',
'CAx-IF Rec.Pracs.---Representation and Presentation of Product Manufa
cturing Information (PMI)---4.0---2014-10-13',
'CAx-IF Rec.Pracs.---3D Tessellated Geometry---0.4---2014-09-14','2;1',
'CAx-IF Rec.Pracs.---User Defined Attributes---1.5---2016-08-15'),
/* implementation_level */ '2;1');

FILE_NAME(
/* name */ 'Part Studio 1',
/* time_stamp */ '2026-07-27T04:44:36Z',
/* author */ (''),
/* organization */ (''),
/* preprocessor_version */ 'ST-DEVELOPER v20',
/* originating_system */ 'ONSHAPE BY PTC INC, 1.218',
/* authorisation */ '  ');

FILE_SCHEMA (('AP242_MANAGED_MODEL_BASED_3D_ENGINEERING_MIM_LF { 1 0 10303 442 3 1 4 }'));
ENDSEC;

DATA;
#10=VERTEX_LOOP('',#1222);
#11=VERTEX_LOOP('',#1263);
#12=VERTEX_LOOP('',#1265);
#13=VERTEX_LOOP('',#1267);
#14=VERTEX_LOOP('',#1269);
#15=VERTEX_LOOP('',#1271);
#16=VERTEX_LOOP('',#1273);
#17=CONICAL_SURFACE('',#2005,0.00215,1.02974425867665);
#18=CONICAL_SURFACE('',#2051,0.00215,1.02974425867665);
#19=CONICAL_SURFACE('',#2054,0.00215,1.02974425867665);
#20=CONICAL_SURFACE('',#2057,0.00215,1.02974425867665);
#21=CONICAL_SURFACE('',#2060,0.00215,1.02974425867665);
#22=CONICAL_SURFACE('',#2063,0.00215,1.02974425867665);
#23=CONICAL_SURFACE('',#2066,0.00215,1.02974425867665);
#24=B_SPLINE_CURVE_WITH_KNOTS('',3,(#2807,#2808,#2809,#2810),
 .UNSPECIFIED.,.F.,.F.,(4,4),(0.00554737494343107,0.0075922137102263),
 .UNSPECIFIED.);
#25=B_SPLINE_CURVE_WITH_KNOTS('',3,(#2812,#2813,#2814,#2815,#2816),
 .UNSPECIFIED.,.F.,.F.,(4,1,4),(0.00221015131669902,0.00510410115311037,
0.00799805098952171),.UNSPECIFIED.);
#26=TOROIDAL_SURFACE('',#1958,0.01,0.005);
#27=TOROIDAL_SURFACE('',#2001,0.01,0.005);
#28=SHAPE_REPRESENTATION_RELATIONSHIP('','',#1917,#31);
#29=SHAPE_REPRESENTATION_RELATIONSHIP('','',#1918,#32);
#30=SHAPE_REPRESENTATION_RELATIONSHIP('','',#1919,#33);
#31=ADVANCED_BREP_SHAPE_REPRESENTATION('',(#1911),#3208);
#32=ADVANCED_BREP_SHAPE_REPRESENTATION('',(#1912),#3209);
#33=ADVANCED_BREP_SHAPE_REPRESENTATION('',(#1913),#3210);
#34=CYLINDRICAL_SURFACE('',#1923,0.031);
#35=CYLINDRICAL_SURFACE('',#1931,0.0270000000000006);
#36=CYLINDRICAL_SURFACE('',#1939,0.0016);
#37=CYLINDRICAL_SURFACE('',#1943,0.00325);
#38=CYLINDRICAL_SURFACE('',#1944,0.0016);
#39=CYLINDRICAL_SURFACE('',#1948,0.00325);
#40=CYLINDRICAL_SURFACE('',#1955,0.005);
#41=CYLINDRICAL_SURFACE('',#1964,0.031);
#42=CYLINDRICAL_SURFACE('',#1967,0.031);
#43=CYLINDRICAL_SURFACE('',#1973,0.005);
#44=CYLINDRICAL_SURFACE('',#1989,0.0017);
#45=CYLINDRICAL_SURFACE('',#1993,0.00325);
#46=CYLINDRICAL_SURFACE('',#1994,0.0017);
#47=CYLINDRICAL_SURFACE('',#1998,0.00325);
#48=CYLINDRICAL_SURFACE('',#1999,0.005);
#49=CYLINDRICAL_SURFACE('',#2003,0.005);
#50=CYLINDRICAL_SURFACE('',#2004,0.005);
#51=CYLINDRICAL_SURFACE('',#2007,0.00215);
#52=CYLINDRICAL_SURFACE('',#2008,0.027);
#53=CYLINDRICAL_SURFACE('',#2020,0.031);
#54=CYLINDRICAL_SURFACE('',#2028,0.027);
#55=CYLINDRICAL_SURFACE('',#2035,0.031);
#56=CYLINDRICAL_SURFACE('',#2053,0.00215);
#57=CYLINDRICAL_SURFACE('',#2056,0.00215);
#58=CYLINDRICAL_SURFACE('',#2059,0.00215);
#59=CYLINDRICAL_SURFACE('',#2062,0.00215);
#60=CYLINDRICAL_SURFACE('',#2065,0.00215);
#61=CYLINDRICAL_SURFACE('',#2068,0.00215);
#62=CYLINDRICAL_SURFACE('',#2079,0.027);
#63=CYLINDRICAL_SURFACE('',#2089,0.031);
#64=CYLINDRICAL_SURFACE('',#2094,0.0016);
#65=CYLINDRICAL_SURFACE('',#2098,0.00325);
#66=CYLINDRICAL_SURFACE('',#2099,0.0016);
#67=CYLINDRICAL_SURFACE('',#2103,0.00325);
#68=CYLINDRICAL_SURFACE('',#2104,0.0016);
#69=CYLINDRICAL_SURFACE('',#2108,0.00325);
#70=CYLINDRICAL_SURFACE('',#2109,0.0016);
#71=CYLINDRICAL_SURFACE('',#2113,0.00325);
#72=LINE('',#2665,#231);
#73=LINE('',#2668,#232);
#74=LINE('',#2670,#233);
#75=LINE('',#2672,#234);
#76=LINE('',#2676,#235);
#77=LINE('',#2682,#236);
#78=LINE('',#2684,#237);
#79=LINE('',#2686,#238);
#80=LINE('',#2688,#239);
#81=LINE('',#2690,#240);
#82=LINE('',#2692,#241);
#83=LINE('',#2696,#242);
#84=LINE('',#2698,#243);
#85=LINE('',#2700,#244);
#86=LINE('',#2704,#245);
#87=LINE('',#2710,#246);
#88=LINE('',#2712,#247);
#89=LINE('',#2714,#248);
#90=LINE('',#2716,#249);
#91=LINE('',#2717,#250);
#92=LINE('',#2736,#251);
#93=LINE('',#2739,#252);
#94=LINE('',#2741,#253);
#95=LINE('',#2743,#254);
#96=LINE('',#2747,#255);
#97=LINE('',#2750,#256);
#98=LINE('',#2752,#257);
#99=LINE('',#2754,#258);
#100=LINE('',#2756,#259);
#101=LINE('',#2758,#260);
#102=LINE('',#2760,#261);
#103=LINE('',#2762,#262);
#104=LINE('',#2764,#263);
#105=LINE('',#2768,#264);
#106=LINE('',#2770,#265);
#107=LINE('',#2772,#266);
#108=LINE('',#2774,#267);
#109=LINE('',#2776,#268);
#110=LINE('',#2780,#269);
#111=LINE('',#2782,#270);
#112=LINE('',#2784,#271);
#113=LINE('',#2786,#272);
#114=LINE('',#2788,#273);
#115=LINE('',#2790,#274);
#116=LINE('',#2792,#275);
#117=LINE('',#2794,#276);
#118=LINE('',#2796,#277);
#119=LINE('',#2801,#278);
#120=LINE('',#2805,#279);
#121=LINE('',#2824,#280);
#122=LINE('',#2827,#281);
#123=LINE('',#2828,#282);
#124=LINE('',#2830,#283);
#125=LINE('',#2831,#284);
#126=LINE('',#2834,#285);
#127=LINE('',#2836,#286);
#128=LINE('',#2842,#287);
#129=LINE('',#2846,#288);
#130=LINE('',#2853,#289);
#131=LINE('',#2856,#290);
#132=LINE('',#2857,#291);
#133=LINE('',#2859,#292);
#134=LINE('',#2861,#293);
#135=LINE('',#2863,#294);
#136=LINE('',#2869,#295);
#137=LINE('',#2871,#296);
#138=LINE('',#2872,#297);
#139=LINE('',#2876,#298);
#140=LINE('',#2878,#299);
#141=LINE('',#2880,#300);
#142=LINE('',#2883,#301);
#143=LINE('',#2885,#302);
#144=LINE('',#2887,#303);
#145=LINE('',#2888,#304);
#146=LINE('',#2890,#305);
#147=LINE('',#2893,#306);
#148=LINE('',#2895,#307);
#149=LINE('',#2897,#308);
#150=LINE('',#2898,#309);
#151=LINE('',#2900,#310);
#152=LINE('',#2902,#311);
#153=LINE('',#2904,#312);
#154=LINE('',#2906,#313);
#155=LINE('',#2908,#314);
#156=LINE('',#2912,#315);
#157=LINE('',#2918,#316);
#158=LINE('',#2920,#317);
#159=LINE('',#2939,#318);
#160=LINE('',#2950,#319);
#161=LINE('',#2955,#320);
#162=LINE('',#2959,#321);
#163=LINE('',#2961,#322);
#164=LINE('',#2963,#323);
#165=LINE('',#2964,#324);
#166=LINE('',#2968,#325);
#167=LINE('',#2969,#326);
#168=LINE('',#2971,#327);
#169=LINE('',#2973,#328);
#170=LINE('',#2977,#329);
#171=LINE('',#2979,#330);
#172=LINE('',#2981,#331);
#173=LINE('',#2983,#332);
#174=LINE('',#2986,#333);
#175=LINE('',#2988,#334);
#176=LINE('',#2990,#335);
#177=LINE('',#2994,#336);
#178=LINE('',#2995,#337);
#179=LINE('',#2997,#338);
#180=LINE('',#2998,#339);
#181=LINE('',#3000,#340);
#182=LINE('',#3001,#341);
#183=LINE('',#3003,#342);
#184=LINE('',#3004,#343);
#185=LINE('',#3006,#344);
#186=LINE('',#3008,#345);
#187=LINE('',#3012,#346);
#188=LINE('',#3016,#347);
#189=LINE('',#3024,#348);
#190=LINE('',#3026,#349);
#191=LINE('',#3028,#350);
#192=LINE('',#3030,#351);
#193=LINE('',#3035,#352);
#194=LINE('',#3039,#353);
#195=LINE('',#3041,#354);
#196=LINE('',#3044,#355);
#197=LINE('',#3046,#356);
#198=LINE('',#3048,#357);
#199=LINE('',#3054,#358);
#200=LINE('',#3055,#359);
#201=LINE('',#3057,#360);
#202=LINE('',#3059,#361);
#203=LINE('',#3060,#362);
#204=LINE('',#3061,#363);
#205=LINE('',#3063,#364);
#206=LINE('',#3065,#365);
#207=LINE('',#3067,#366);
#208=LINE('',#3068,#367);
#209=LINE('',#3070,#368);
#210=LINE('',#3075,#369);
#211=LINE('',#3116,#370);
#212=LINE('',#3119,#371);
#213=LINE('',#3121,#372);
#214=LINE('',#3123,#373);
#215=LINE('',#3125,#374);
#216=LINE('',#3127,#375);
#217=LINE('',#3129,#376);
#218=LINE('',#3135,#377);
#219=LINE('',#3137,#378);
#220=LINE('',#3139,#379);
#221=LINE('',#3143,#380);
#222=LINE('',#3151,#381);
#223=LINE('',#3153,#382);
#224=LINE('',#3155,#383);
#225=LINE('',#3157,#384);
#226=LINE('',#3159,#385);
#227=LINE('',#3161,#386);
#228=LINE('',#3167,#387);
#229=LINE('',#3169,#388);
#230=LINE('',#3171,#389);
#231=VECTOR('',#2120,1.);
#232=VECTOR('',#2121,1.);
#233=VECTOR('',#2122,1.);
#234=VECTOR('',#2123,1.);
#235=VECTOR('',#2128,1.);
#236=VECTOR('',#2135,1.);
#237=VECTOR('',#2136,1.);
#238=VECTOR('',#2137,1.);
#239=VECTOR('',#2140,1.);
#240=VECTOR('',#2141,1.);
#241=VECTOR('',#2142,1.);
#242=VECTOR('',#2147,1.);
#243=VECTOR('',#2148,1.);
#244=VECTOR('',#2149,1.);
#245=VECTOR('',#2154,1.);
#246=VECTOR('',#2161,1.);
#247=VECTOR('',#2162,1.);
#248=VECTOR('',#2163,1.);
#249=VECTOR('',#2166,1.);
#250=VECTOR('',#2167,1.);
#251=VECTOR('',#2196,1.);
#252=VECTOR('',#2197,1.);
#253=VECTOR('',#2198,1.);
#254=VECTOR('',#2199,1.);
#255=VECTOR('',#2204,1.);
#256=VECTOR('',#2205,1.);
#257=VECTOR('',#2206,1.);
#258=VECTOR('',#2207,1.);
#259=VECTOR('',#2208,1.);
#260=VECTOR('',#2209,1.);
#261=VECTOR('',#2210,1.);
#262=VECTOR('',#2211,1.);
#263=VECTOR('',#2212,1.);
#264=VECTOR('',#2215,1.);
#265=VECTOR('',#2216,1.);
#266=VECTOR('',#2217,1.);
#267=VECTOR('',#2218,1.);
#268=VECTOR('',#2219,1.);
#269=VECTOR('',#2222,1.);
#270=VECTOR('',#2223,1.);
#271=VECTOR('',#2224,1.);
#272=VECTOR('',#2225,1.);
#273=VECTOR('',#2226,1.);
#274=VECTOR('',#2227,1.);
#275=VECTOR('',#2228,1.);
#276=VECTOR('',#2229,1.);
#277=VECTOR('',#2230,1.);
#278=VECTOR('',#2235,1.);
#279=VECTOR('',#2238,1.);
#280=VECTOR('',#2249,1.);
#281=VECTOR('',#2250,1.);
#282=VECTOR('',#2251,1.);
#283=VECTOR('',#2252,1.);
#284=VECTOR('',#2253,1.);
#285=VECTOR('',#2256,1.);
#286=VECTOR('',#2259,1.);
#287=VECTOR('',#2266,1.);
#288=VECTOR('',#2269,1.);
#289=VECTOR('',#2278,1.);
#290=VECTOR('',#2279,1.);
#291=VECTOR('',#2280,1.);
#292=VECTOR('',#2281,1.);
#293=VECTOR('',#2282,1.);
#294=VECTOR('',#2285,1.);
#295=VECTOR('',#2292,1.);
#296=VECTOR('',#2293,1.);
#297=VECTOR('',#2294,1.);
#298=VECTOR('',#2299,1.);
#299=VECTOR('',#2300,1.);
#300=VECTOR('',#2303,1.);
#301=VECTOR('',#2304,1.);
#302=VECTOR('',#2305,1.);
#303=VECTOR('',#2306,1.);
#304=VECTOR('',#2307,1.);
#305=VECTOR('',#2310,1.);
#306=VECTOR('',#2311,1.);
#307=VECTOR('',#2312,1.);
#308=VECTOR('',#2313,1.);
#309=VECTOR('',#2314,1.);
#310=VECTOR('',#2317,1.);
#311=VECTOR('',#2318,1.);
#312=VECTOR('',#2319,1.);
#313=VECTOR('',#2320,1.);
#314=VECTOR('',#2323,1.);
#315=VECTOR('',#2328,1.);
#316=VECTOR('',#2337,1.);
#317=VECTOR('',#2338,1.);
#318=VECTOR('',#2371,1.);
#319=VECTOR('',#2384,1.);
#320=VECTOR('',#2389,1.);
#321=VECTOR('',#2394,1.);
#322=VECTOR('',#2395,1.);
#323=VECTOR('',#2396,1.);
#324=VECTOR('',#2397,1.);
#325=VECTOR('',#2402,1.);
#326=VECTOR('',#2403,1.);
#327=VECTOR('',#2404,1.);
#328=VECTOR('',#2405,1.);
#329=VECTOR('',#2410,1.);
#330=VECTOR('',#2413,1.);
#331=VECTOR('',#2416,1.);
#332=VECTOR('',#2419,1.);
#333=VECTOR('',#2420,1.);
#334=VECTOR('',#2421,1.);
#335=VECTOR('',#2422,1.);
#336=VECTOR('',#2427,1.);
#337=VECTOR('',#2428,1.);
#338=VECTOR('',#2431,1.);
#339=VECTOR('',#2432,1.);
#340=VECTOR('',#2435,1.);
#341=VECTOR('',#2436,1.);
#342=VECTOR('',#2439,1.);
#343=VECTOR('',#2440,1.);
#344=VECTOR('',#2441,1.);
#345=VECTOR('',#2442,1.);
#346=VECTOR('',#2447,1.);
#347=VECTOR('',#2450,1.);
#348=VECTOR('',#2459,1.);
#349=VECTOR('',#2460,1.);
#350=VECTOR('',#2463,1.);
#351=VECTOR('',#2464,1.);
#352=VECTOR('',#2469,1.);
#353=VECTOR('',#2472,1.);
#354=VECTOR('',#2475,1.);
#355=VECTOR('',#2476,1.);
#356=VECTOR('',#2477,1.);
#357=VECTOR('',#2478,1.);
#358=VECTOR('',#2485,1.);
#359=VECTOR('',#2486,1.);
#360=VECTOR('',#2489,1.);
#361=VECTOR('',#2490,1.);
#362=VECTOR('',#2491,1.);
#363=VECTOR('',#2492,1.);
#364=VECTOR('',#2493,1.);
#365=VECTOR('',#2496,1.);
#366=VECTOR('',#2497,1.);
#367=VECTOR('',#2498,1.);
#368=VECTOR('',#2501,1.);
#369=VECTOR('',#2510,1.);
#370=VECTOR('',#2563,1.);
#371=VECTOR('',#2564,1.);
#372=VECTOR('',#2565,1.);
#373=VECTOR('',#2566,1.);
#374=VECTOR('',#2569,1.);
#375=VECTOR('',#2570,1.);
#376=VECTOR('',#2571,1.);
#377=VECTOR('',#2578,1.);
#378=VECTOR('',#2579,1.);
#379=VECTOR('',#2580,1.);
#380=VECTOR('',#2585,1.);
#381=VECTOR('',#2594,1.);
#382=VECTOR('',#2595,1.);
#383=VECTOR('',#2596,1.);
#384=VECTOR('',#2599,1.);
#385=VECTOR('',#2600,1.);
#386=VECTOR('',#2601,1.);
#387=VECTOR('',#2608,1.);
#388=VECTOR('',#2609,1.);
#389=VECTOR('',#2610,1.);
#390=ORIENTED_EDGE('',*,*,#880,.T.);
#391=ORIENTED_EDGE('',*,*,#881,.F.);
#392=ORIENTED_EDGE('',*,*,#882,.F.);
#393=ORIENTED_EDGE('',*,*,#883,.T.);
#394=ORIENTED_EDGE('',*,*,#884,.T.);
#395=ORIENTED_EDGE('',*,*,#885,.T.);
#396=ORIENTED_EDGE('',*,*,#886,.F.);
#397=ORIENTED_EDGE('',*,*,#887,.F.);
#398=ORIENTED_EDGE('',*,*,#882,.T.);
#399=ORIENTED_EDGE('',*,*,#888,.T.);
#400=ORIENTED_EDGE('',*,*,#889,.F.);
#401=ORIENTED_EDGE('',*,*,#890,.F.);
#402=ORIENTED_EDGE('',*,*,#891,.T.);
#403=ORIENTED_EDGE('',*,*,#886,.T.);
#404=ORIENTED_EDGE('',*,*,#892,.F.);
#405=ORIENTED_EDGE('',*,*,#893,.F.);
#406=ORIENTED_EDGE('',*,*,#894,.T.);
#407=ORIENTED_EDGE('',*,*,#890,.T.);
#408=ORIENTED_EDGE('',*,*,#895,.F.);
#409=ORIENTED_EDGE('',*,*,#896,.T.);
#410=ORIENTED_EDGE('',*,*,#897,.F.);
#411=ORIENTED_EDGE('',*,*,#898,.F.);
#412=ORIENTED_EDGE('',*,*,#893,.T.);
#413=ORIENTED_EDGE('',*,*,#899,.F.);
#414=ORIENTED_EDGE('',*,*,#900,.F.);
#415=ORIENTED_EDGE('',*,*,#901,.T.);
#416=ORIENTED_EDGE('',*,*,#897,.T.);
#417=ORIENTED_EDGE('',*,*,#902,.F.);
#418=ORIENTED_EDGE('',*,*,#903,.T.);
#419=ORIENTED_EDGE('',*,*,#904,.F.);
#420=ORIENTED_EDGE('',*,*,#905,.F.);
#421=ORIENTED_EDGE('',*,*,#900,.T.);
#422=ORIENTED_EDGE('',*,*,#906,.T.);
#423=ORIENTED_EDGE('',*,*,#884,.F.);
#424=ORIENTED_EDGE('',*,*,#907,.F.);
#425=ORIENTED_EDGE('',*,*,#904,.T.);
#426=ORIENTED_EDGE('',*,*,#883,.F.);
#427=ORIENTED_EDGE('',*,*,#887,.T.);
#428=ORIENTED_EDGE('',*,*,#891,.F.);
#429=ORIENTED_EDGE('',*,*,#894,.F.);
#430=ORIENTED_EDGE('',*,*,#898,.T.);
#431=ORIENTED_EDGE('',*,*,#901,.F.);
#432=ORIENTED_EDGE('',*,*,#905,.T.);
#433=ORIENTED_EDGE('',*,*,#907,.T.);
#434=ORIENTED_EDGE('',*,*,#881,.T.);
#435=ORIENTED_EDGE('',*,*,#906,.F.);
#436=ORIENTED_EDGE('',*,*,#903,.F.);
#437=ORIENTED_EDGE('',*,*,#899,.T.);
#438=ORIENTED_EDGE('',*,*,#896,.F.);
#439=ORIENTED_EDGE('',*,*,#892,.T.);
#440=ORIENTED_EDGE('',*,*,#889,.T.);
#441=ORIENTED_EDGE('',*,*,#885,.F.);
#442=ORIENTED_EDGE('',*,*,#902,.T.);
#443=ORIENTED_EDGE('',*,*,#908,.F.);
#444=ORIENTED_EDGE('',*,*,#908,.T.);
#445=ORIENTED_EDGE('',*,*,#909,.F.);
#446=ORIENTED_EDGE('',*,*,#909,.T.);
#447=ORIENTED_EDGE('',*,*,#880,.F.);
#448=ORIENTED_EDGE('',*,*,#895,.T.);
#449=ORIENTED_EDGE('',*,*,#910,.F.);
#450=ORIENTED_EDGE('',*,*,#910,.T.);
#451=ORIENTED_EDGE('',*,*,#911,.F.);
#452=ORIENTED_EDGE('',*,*,#911,.T.);
#453=ORIENTED_EDGE('',*,*,#888,.F.);
#454=ORIENTED_EDGE('',*,*,#912,.F.);
#455=ORIENTED_EDGE('',*,*,#913,.T.);
#456=ORIENTED_EDGE('',*,*,#914,.T.);
#457=ORIENTED_EDGE('',*,*,#915,.F.);
#458=ORIENTED_EDGE('',*,*,#916,.T.);
#459=ORIENTED_EDGE('',*,*,#917,.F.);
#460=ORIENTED_EDGE('',*,*,#918,.F.);
#461=ORIENTED_EDGE('',*,*,#919,.F.);
#462=ORIENTED_EDGE('',*,*,#920,.T.);
#463=ORIENTED_EDGE('',*,*,#921,.T.);
#464=ORIENTED_EDGE('',*,*,#922,.T.);
#465=ORIENTED_EDGE('',*,*,#923,.F.);
#466=ORIENTED_EDGE('',*,*,#924,.F.);
#467=ORIENTED_EDGE('',*,*,#925,.F.);
#468=ORIENTED_EDGE('',*,*,#926,.T.);
#469=ORIENTED_EDGE('',*,*,#927,.T.);
#470=ORIENTED_EDGE('',*,*,#928,.F.);
#471=ORIENTED_EDGE('',*,*,#929,.F.);
#472=ORIENTED_EDGE('',*,*,#930,.F.);
#473=ORIENTED_EDGE('',*,*,#931,.F.);
#474=ORIENTED_EDGE('',*,*,#932,.T.);
#475=ORIENTED_EDGE('',*,*,#933,.F.);
#476=ORIENTED_EDGE('',*,*,#934,.F.);
#477=ORIENTED_EDGE('',*,*,#935,.F.);
#478=ORIENTED_EDGE('',*,*,#936,.T.);
#479=ORIENTED_EDGE('',*,*,#937,.F.);
#480=ORIENTED_EDGE('',*,*,#938,.F.);
#481=ORIENTED_EDGE('',*,*,#939,.T.);
#482=ORIENTED_EDGE('',*,*,#940,.T.);
#483=ORIENTED_EDGE('',*,*,#941,.T.);
#484=ORIENTED_EDGE('',*,*,#942,.F.);
#485=ORIENTED_EDGE('',*,*,#943,.T.);
#486=ORIENTED_EDGE('',*,*,#944,.F.);
#487=ORIENTED_EDGE('',*,*,#945,.F.);
#488=ORIENTED_EDGE('',*,*,#944,.T.);
#489=ORIENTED_EDGE('',*,*,#946,.T.);
#490=ORIENTED_EDGE('',*,*,#947,.T.);
#491=ORIENTED_EDGE('',*,*,#948,.T.);
#492=ORIENTED_EDGE('',*,*,#949,.F.);
#493=ORIENTED_EDGE('',*,*,#950,.F.);
#494=ORIENTED_EDGE('',*,*,#951,.F.);
#495=ORIENTED_EDGE('',*,*,#952,.T.);
#496=ORIENTED_EDGE('',*,*,#917,.T.);
#497=ORIENTED_EDGE('',*,*,#953,.F.);
#498=ORIENTED_EDGE('',*,*,#954,.T.);
#499=ORIENTED_EDGE('',*,*,#942,.T.);
#500=ORIENTED_EDGE('',*,*,#955,.F.);
#501=ORIENTED_EDGE('',*,*,#956,.T.);
#502=ORIENTED_EDGE('',*,*,#923,.T.);
#503=ORIENTED_EDGE('',*,*,#957,.F.);
#504=ORIENTED_EDGE('',*,*,#958,.F.);
#505=ORIENTED_EDGE('',*,*,#959,.T.);
#506=ORIENTED_EDGE('',*,*,#914,.F.);
#507=ORIENTED_EDGE('',*,*,#960,.F.);
#508=ORIENTED_EDGE('',*,*,#961,.F.);
#509=ORIENTED_EDGE('',*,*,#962,.F.);
#510=ORIENTED_EDGE('',*,*,#963,.T.);
#511=ORIENTED_EDGE('',*,*,#964,.T.);
#512=ORIENTED_EDGE('',*,*,#939,.F.);
#513=ORIENTED_EDGE('',*,*,#965,.F.);
#514=ORIENTED_EDGE('',*,*,#947,.F.);
#515=ORIENTED_EDGE('',*,*,#966,.T.);
#516=ORIENTED_EDGE('',*,*,#967,.T.);
#517=ORIENTED_EDGE('',*,*,#968,.T.);
#518=ORIENTED_EDGE('',*,*,#935,.T.);
#519=ORIENTED_EDGE('',*,*,#969,.T.);
#520=ORIENTED_EDGE('',*,*,#970,.F.);
#521=ORIENTED_EDGE('',*,*,#971,.T.);
#522=ORIENTED_EDGE('',*,*,#972,.F.);
#523=ORIENTED_EDGE('',*,*,#973,.T.);
#524=ORIENTED_EDGE('',*,*,#971,.F.);
#525=ORIENTED_EDGE('',*,*,#974,.F.);
#526=ORIENTED_EDGE('',*,*,#975,.F.);
#527=ORIENTED_EDGE('',*,*,#976,.T.);
#528=ORIENTED_EDGE('',*,*,#972,.T.);
#529=ORIENTED_EDGE('',*,*,#977,.F.);
#530=ORIENTED_EDGE('',*,*,#948,.F.);
#531=ORIENTED_EDGE('',*,*,#965,.T.);
#532=ORIENTED_EDGE('',*,*,#938,.T.);
#533=ORIENTED_EDGE('',*,*,#978,.F.);
#534=ORIENTED_EDGE('',*,*,#979,.F.);
#535=ORIENTED_EDGE('',*,*,#980,.T.);
#536=ORIENTED_EDGE('',*,*,#925,.T.);
#537=ORIENTED_EDGE('',*,*,#981,.F.);
#538=ORIENTED_EDGE('',*,*,#982,.T.);
#539=ORIENTED_EDGE('',*,*,#983,.T.);
#540=ORIENTED_EDGE('',*,*,#984,.T.);
#541=ORIENTED_EDGE('',*,*,#931,.T.);
#542=ORIENTED_EDGE('',*,*,#985,.T.);
#543=ORIENTED_EDGE('',*,*,#986,.T.);
#544=ORIENTED_EDGE('',*,*,#987,.T.);
#545=ORIENTED_EDGE('',*,*,#988,.F.);
#546=ORIENTED_EDGE('',*,*,#989,.F.);
#547=ORIENTED_EDGE('',*,*,#933,.T.);
#548=ORIENTED_EDGE('',*,*,#990,.T.);
#549=ORIENTED_EDGE('',*,*,#991,.F.);
#550=ORIENTED_EDGE('',*,*,#992,.T.);
#551=ORIENTED_EDGE('',*,*,#993,.T.);
#552=ORIENTED_EDGE('',*,*,#994,.F.);
#553=ORIENTED_EDGE('',*,*,#985,.F.);
#554=ORIENTED_EDGE('',*,*,#930,.T.);
#555=ORIENTED_EDGE('',*,*,#995,.F.);
#556=ORIENTED_EDGE('',*,*,#969,.F.);
#557=ORIENTED_EDGE('',*,*,#934,.T.);
#558=ORIENTED_EDGE('',*,*,#989,.T.);
#559=ORIENTED_EDGE('',*,*,#996,.F.);
#560=ORIENTED_EDGE('',*,*,#997,.T.);
#561=ORIENTED_EDGE('',*,*,#949,.T.);
#562=ORIENTED_EDGE('',*,*,#977,.T.);
#563=ORIENTED_EDGE('',*,*,#974,.T.);
#564=ORIENTED_EDGE('',*,*,#970,.T.);
#565=ORIENTED_EDGE('',*,*,#995,.T.);
#566=ORIENTED_EDGE('',*,*,#988,.T.);
#567=ORIENTED_EDGE('',*,*,#998,.F.);
#568=ORIENTED_EDGE('',*,*,#981,.T.);
#569=ORIENTED_EDGE('',*,*,#994,.T.);
#570=ORIENTED_EDGE('',*,*,#999,.T.);
#571=ORIENTED_EDGE('',*,*,#979,.T.);
#572=ORIENTED_EDGE('',*,*,#1000,.T.);
#573=ORIENTED_EDGE('',*,*,#1001,.T.);
#574=ORIENTED_EDGE('',*,*,#1002,.T.);
#575=ORIENTED_EDGE('',*,*,#955,.T.);
#576=ORIENTED_EDGE('',*,*,#945,.T.);
#577=ORIENTED_EDGE('',*,*,#998,.T.);
#578=ORIENTED_EDGE('',*,*,#987,.F.);
#579=ORIENTED_EDGE('',*,*,#1003,.F.);
#580=ORIENTED_EDGE('',*,*,#982,.F.);
#581=ORIENTED_EDGE('',*,*,#1003,.T.);
#582=ORIENTED_EDGE('',*,*,#986,.F.);
#583=ORIENTED_EDGE('',*,*,#1004,.F.);
#584=ORIENTED_EDGE('',*,*,#983,.F.);
#585=ORIENTED_EDGE('',*,*,#1004,.T.);
#586=ORIENTED_EDGE('',*,*,#990,.F.);
#587=ORIENTED_EDGE('',*,*,#932,.F.);
#588=ORIENTED_EDGE('',*,*,#984,.F.);
#589=ORIENTED_EDGE('',*,*,#1005,.F.);
#590=ORIENTED_EDGE('',*,*,#996,.T.);
#591=ORIENTED_EDGE('',*,*,#1005,.T.);
#592=ORIENTED_EDGE('',*,*,#1006,.F.);
#593=ORIENTED_EDGE('',*,*,#1006,.T.);
#594=ORIENTED_EDGE('',*,*,#916,.F.);
#595=ORIENTED_EDGE('',*,*,#950,.T.);
#596=ORIENTED_EDGE('',*,*,#997,.F.);
#597=ORIENTED_EDGE('',*,*,#1007,.F.);
#598=ORIENTED_EDGE('',*,*,#1001,.F.);
#599=ORIENTED_EDGE('',*,*,#1000,.F.);
#600=ORIENTED_EDGE('',*,*,#978,.T.);
#601=ORIENTED_EDGE('',*,*,#1008,.F.);
#602=ORIENTED_EDGE('',*,*,#1007,.T.);
#603=ORIENTED_EDGE('',*,*,#956,.F.);
#604=ORIENTED_EDGE('',*,*,#1002,.F.);
#605=ORIENTED_EDGE('',*,*,#1008,.T.);
#606=ORIENTED_EDGE('',*,*,#924,.T.);
#607=ORIENTED_EDGE('',*,*,#926,.F.);
#608=ORIENTED_EDGE('',*,*,#980,.F.);
#609=ORIENTED_EDGE('',*,*,#999,.F.);
#610=ORIENTED_EDGE('',*,*,#993,.F.);
#611=ORIENTED_EDGE('',*,*,#1009,.F.);
#612=ORIENTED_EDGE('',*,*,#1010,.F.);
#613=ORIENTED_EDGE('',*,*,#1010,.T.);
#614=ORIENTED_EDGE('',*,*,#966,.F.);
#615=ORIENTED_EDGE('',*,*,#1011,.T.);
#616=ORIENTED_EDGE('',*,*,#1012,.T.);
#617=ORIENTED_EDGE('',*,*,#1013,.T.);
#618=ORIENTED_EDGE('',*,*,#1014,.F.);
#619=ORIENTED_EDGE('',*,*,#1015,.F.);
#620=ORIENTED_EDGE('',*,*,#1016,.F.);
#621=ORIENTED_EDGE('',*,*,#1017,.T.);
#622=ORIENTED_EDGE('',*,*,#919,.T.);
#623=ORIENTED_EDGE('',*,*,#1011,.F.);
#624=ORIENTED_EDGE('',*,*,#1018,.F.);
#625=ORIENTED_EDGE('',*,*,#1019,.F.);
#626=ORIENTED_EDGE('',*,*,#1020,.T.);
#627=ORIENTED_EDGE('',*,*,#991,.T.);
#628=ORIENTED_EDGE('',*,*,#929,.T.);
#629=ORIENTED_EDGE('',*,*,#1021,.T.);
#630=ORIENTED_EDGE('',*,*,#921,.F.);
#631=ORIENTED_EDGE('',*,*,#1022,.F.);
#632=ORIENTED_EDGE('',*,*,#1023,.F.);
#633=ORIENTED_EDGE('',*,*,#927,.F.);
#634=ORIENTED_EDGE('',*,*,#1009,.T.);
#635=ORIENTED_EDGE('',*,*,#1024,.F.);
#636=ORIENTED_EDGE('',*,*,#1025,.T.);
#637=ORIENTED_EDGE('',*,*,#1026,.T.);
#638=ORIENTED_EDGE('',*,*,#1015,.T.);
#639=ORIENTED_EDGE('',*,*,#1027,.T.);
#640=ORIENTED_EDGE('',*,*,#1026,.F.);
#641=ORIENTED_EDGE('',*,*,#1028,.F.);
#642=ORIENTED_EDGE('',*,*,#1018,.T.);
#643=ORIENTED_EDGE('',*,*,#1016,.T.);
#644=ORIENTED_EDGE('',*,*,#1025,.F.);
#645=ORIENTED_EDGE('',*,*,#1029,.F.);
#646=ORIENTED_EDGE('',*,*,#1019,.T.);
#647=ORIENTED_EDGE('',*,*,#1028,.T.);
#648=ORIENTED_EDGE('',*,*,#920,.F.);
#649=ORIENTED_EDGE('',*,*,#1017,.F.);
#650=ORIENTED_EDGE('',*,*,#1030,.T.);
#651=ORIENTED_EDGE('',*,*,#1022,.T.);
#652=ORIENTED_EDGE('',*,*,#1031,.T.);
#653=ORIENTED_EDGE('',*,*,#1032,.F.);
#654=ORIENTED_EDGE('',*,*,#1033,.F.);
#655=ORIENTED_EDGE('',*,*,#1034,.T.);
#656=ORIENTED_EDGE('',*,*,#1035,.T.);
#657=ORIENTED_EDGE('',*,*,#1036,.F.);
#658=ORIENTED_EDGE('',*,*,#1013,.F.);
#659=ORIENTED_EDGE('',*,*,#1037,.T.);
#660=ORIENTED_EDGE('',*,*,#1032,.T.);
#661=ORIENTED_EDGE('',*,*,#913,.F.);
#662=ORIENTED_EDGE('',*,*,#1038,.F.);
#663=ORIENTED_EDGE('',*,*,#960,.T.);
#664=ORIENTED_EDGE('',*,*,#918,.T.);
#665=ORIENTED_EDGE('',*,*,#952,.F.);
#666=ORIENTED_EDGE('',*,*,#1039,.T.);
#667=ORIENTED_EDGE('',*,*,#1033,.T.);
#668=ORIENTED_EDGE('',*,*,#1037,.F.);
#669=ORIENTED_EDGE('',*,*,#1012,.F.);
#670=ORIENTED_EDGE('',*,*,#1040,.T.);
#671=ORIENTED_EDGE('',*,*,#915,.T.);
#672=ORIENTED_EDGE('',*,*,#959,.F.);
#673=ORIENTED_EDGE('',*,*,#957,.T.);
#674=ORIENTED_EDGE('',*,*,#922,.F.);
#675=ORIENTED_EDGE('',*,*,#1014,.T.);
#676=ORIENTED_EDGE('',*,*,#1036,.T.);
#677=ORIENTED_EDGE('',*,*,#1031,.F.);
#678=ORIENTED_EDGE('',*,*,#1041,.F.);
#679=ORIENTED_EDGE('',*,*,#940,.F.);
#680=ORIENTED_EDGE('',*,*,#964,.F.);
#681=ORIENTED_EDGE('',*,*,#1042,.F.);
#682=ORIENTED_EDGE('',*,*,#936,.F.);
#683=ORIENTED_EDGE('',*,*,#968,.F.);
#684=ORIENTED_EDGE('',*,*,#1043,.F.);
#685=ORIENTED_EDGE('',*,*,#1044,.T.);
#686=ORIENTED_EDGE('',*,*,#1045,.T.);
#687=ORIENTED_EDGE('',*,*,#1046,.T.);
#688=ORIENTED_EDGE('',*,*,#1046,.F.);
#689=ORIENTED_EDGE('',*,*,#1047,.F.);
#690=ORIENTED_EDGE('',*,*,#1048,.T.);
#691=ORIENTED_EDGE('',*,*,#1049,.T.);
#692=ORIENTED_EDGE('',*,*,#1050,.F.);
#693=ORIENTED_EDGE('',*,*,#1051,.T.);
#694=ORIENTED_EDGE('',*,*,#1052,.T.);
#695=ORIENTED_EDGE('',*,*,#1045,.F.);
#696=ORIENTED_EDGE('',*,*,#1053,.F.);
#697=ORIENTED_EDGE('',*,*,#1054,.T.);
#698=ORIENTED_EDGE('',*,*,#1047,.T.);
#699=ORIENTED_EDGE('',*,*,#1044,.F.);
#700=ORIENTED_EDGE('',*,*,#1055,.F.);
#701=ORIENTED_EDGE('',*,*,#1056,.T.);
#702=ORIENTED_EDGE('',*,*,#1053,.T.);
#703=ORIENTED_EDGE('',*,*,#1057,.F.);
#704=ORIENTED_EDGE('',*,*,#1058,.T.);
#705=ORIENTED_EDGE('',*,*,#1059,.T.);
#706=ORIENTED_EDGE('',*,*,#1060,.F.);
#707=ORIENTED_EDGE('',*,*,#1061,.T.);
#708=ORIENTED_EDGE('',*,*,#1062,.F.);
#709=ORIENTED_EDGE('',*,*,#1063,.F.);
#710=ORIENTED_EDGE('',*,*,#1064,.T.);
#711=ORIENTED_EDGE('',*,*,#1065,.T.);
#712=ORIENTED_EDGE('',*,*,#1066,.T.);
#713=ORIENTED_EDGE('',*,*,#1067,.F.);
#714=ORIENTED_EDGE('',*,*,#1049,.F.);
#715=ORIENTED_EDGE('',*,*,#1068,.T.);
#716=ORIENTED_EDGE('',*,*,#1062,.T.);
#717=ORIENTED_EDGE('',*,*,#1069,.F.);
#718=ORIENTED_EDGE('',*,*,#1070,.F.);
#719=ORIENTED_EDGE('',*,*,#1057,.T.);
#720=ORIENTED_EDGE('',*,*,#962,.T.);
#721=ORIENTED_EDGE('',*,*,#1071,.T.);
#722=ORIENTED_EDGE('',*,*,#1063,.T.);
#723=ORIENTED_EDGE('',*,*,#1068,.F.);
#724=ORIENTED_EDGE('',*,*,#1048,.F.);
#725=ORIENTED_EDGE('',*,*,#1054,.F.);
#726=ORIENTED_EDGE('',*,*,#1056,.F.);
#727=ORIENTED_EDGE('',*,*,#1072,.T.);
#728=ORIENTED_EDGE('',*,*,#1073,.T.);
#729=ORIENTED_EDGE('',*,*,#1074,.T.);
#730=ORIENTED_EDGE('',*,*,#1075,.T.);
#731=ORIENTED_EDGE('',*,*,#1059,.F.);
#732=ORIENTED_EDGE('',*,*,#953,.T.);
#733=ORIENTED_EDGE('',*,*,#941,.F.);
#734=ORIENTED_EDGE('',*,*,#1050,.T.);
#735=ORIENTED_EDGE('',*,*,#1067,.T.);
#736=ORIENTED_EDGE('',*,*,#1061,.F.);
#737=ORIENTED_EDGE('',*,*,#1076,.F.);
#738=ORIENTED_EDGE('',*,*,#975,.T.);
#739=ORIENTED_EDGE('',*,*,#937,.T.);
#740=ORIENTED_EDGE('',*,*,#1042,.T.);
#741=ORIENTED_EDGE('',*,*,#963,.F.);
#742=ORIENTED_EDGE('',*,*,#1073,.F.);
#743=ORIENTED_EDGE('',*,*,#1077,.T.);
#744=ORIENTED_EDGE('',*,*,#976,.F.);
#745=ORIENTED_EDGE('',*,*,#1077,.F.);
#746=ORIENTED_EDGE('',*,*,#1072,.F.);
#747=ORIENTED_EDGE('',*,*,#1055,.T.);
#748=ORIENTED_EDGE('',*,*,#1043,.T.);
#749=ORIENTED_EDGE('',*,*,#967,.F.);
#750=ORIENTED_EDGE('',*,*,#973,.F.);
#751=ORIENTED_EDGE('',*,*,#1021,.F.);
#752=ORIENTED_EDGE('',*,*,#928,.T.);
#753=ORIENTED_EDGE('',*,*,#1023,.T.);
#754=ORIENTED_EDGE('',*,*,#1030,.F.);
#755=ORIENTED_EDGE('',*,*,#992,.F.);
#756=ORIENTED_EDGE('',*,*,#1020,.F.);
#757=ORIENTED_EDGE('',*,*,#1029,.T.);
#758=ORIENTED_EDGE('',*,*,#1024,.T.);
#759=ORIENTED_EDGE('',*,*,#1075,.F.);
#760=ORIENTED_EDGE('',*,*,#1078,.T.);
#761=ORIENTED_EDGE('',*,*,#1069,.T.);
#762=ORIENTED_EDGE('',*,*,#1060,.T.);
#763=ORIENTED_EDGE('',*,*,#1076,.T.);
#764=ORIENTED_EDGE('',*,*,#1064,.F.);
#765=ORIENTED_EDGE('',*,*,#1071,.F.);
#766=ORIENTED_EDGE('',*,*,#961,.T.);
#767=ORIENTED_EDGE('',*,*,#946,.F.);
#768=ORIENTED_EDGE('',*,*,#943,.F.);
#769=ORIENTED_EDGE('',*,*,#954,.F.);
#770=ORIENTED_EDGE('',*,*,#1041,.T.);
#771=ORIENTED_EDGE('',*,*,#1034,.F.);
#772=ORIENTED_EDGE('',*,*,#1039,.F.);
#773=ORIENTED_EDGE('',*,*,#951,.T.);
#774=ORIENTED_EDGE('',*,*,#1079,.F.);
#775=ORIENTED_EDGE('',*,*,#1079,.T.);
#776=ORIENTED_EDGE('',*,*,#1066,.F.);
#777=ORIENTED_EDGE('',*,*,#1080,.F.);
#778=ORIENTED_EDGE('',*,*,#1080,.T.);
#779=ORIENTED_EDGE('',*,*,#1065,.F.);
#780=ORIENTED_EDGE('',*,*,#1081,.F.);
#781=ORIENTED_EDGE('',*,*,#1081,.T.);
#782=ORIENTED_EDGE('',*,*,#1052,.F.);
#783=ORIENTED_EDGE('',*,*,#1082,.F.);
#784=ORIENTED_EDGE('',*,*,#1082,.T.);
#785=ORIENTED_EDGE('',*,*,#1051,.F.);
#786=ORIENTED_EDGE('',*,*,#1083,.F.);
#787=ORIENTED_EDGE('',*,*,#1083,.T.);
#788=ORIENTED_EDGE('',*,*,#1035,.F.);
#789=ORIENTED_EDGE('',*,*,#1084,.F.);
#790=ORIENTED_EDGE('',*,*,#1084,.T.);
#791=ORIENTED_EDGE('',*,*,#1027,.F.);
#792=ORIENTED_EDGE('',*,*,#1058,.F.);
#793=ORIENTED_EDGE('',*,*,#1070,.T.);
#794=ORIENTED_EDGE('',*,*,#1078,.F.);
#795=ORIENTED_EDGE('',*,*,#1074,.F.);
#796=ORIENTED_EDGE('',*,*,#1040,.F.);
#797=ORIENTED_EDGE('',*,*,#958,.T.);
#798=ORIENTED_EDGE('',*,*,#1038,.T.);
#799=ORIENTED_EDGE('',*,*,#912,.T.);
#800=ORIENTED_EDGE('',*,*,#1085,.T.);
#801=ORIENTED_EDGE('',*,*,#1086,.T.);
#802=ORIENTED_EDGE('',*,*,#1087,.F.);
#803=ORIENTED_EDGE('',*,*,#1088,.F.);
#804=ORIENTED_EDGE('',*,*,#1089,.T.);
#805=ORIENTED_EDGE('',*,*,#1090,.T.);
#806=ORIENTED_EDGE('',*,*,#1091,.F.);
#807=ORIENTED_EDGE('',*,*,#1092,.F.);
#808=ORIENTED_EDGE('',*,*,#1093,.T.);
#809=ORIENTED_EDGE('',*,*,#1088,.T.);
#810=ORIENTED_EDGE('',*,*,#1094,.F.);
#811=ORIENTED_EDGE('',*,*,#1095,.F.);
#812=ORIENTED_EDGE('',*,*,#1096,.T.);
#813=ORIENTED_EDGE('',*,*,#1097,.F.);
#814=ORIENTED_EDGE('',*,*,#1098,.F.);
#815=ORIENTED_EDGE('',*,*,#1092,.T.);
#816=ORIENTED_EDGE('',*,*,#1099,.F.);
#817=ORIENTED_EDGE('',*,*,#1100,.F.);
#818=ORIENTED_EDGE('',*,*,#1101,.T.);
#819=ORIENTED_EDGE('',*,*,#1097,.T.);
#820=ORIENTED_EDGE('',*,*,#1102,.F.);
#821=ORIENTED_EDGE('',*,*,#1103,.F.);
#822=ORIENTED_EDGE('',*,*,#1104,.T.);
#823=ORIENTED_EDGE('',*,*,#1105,.F.);
#824=ORIENTED_EDGE('',*,*,#1106,.F.);
#825=ORIENTED_EDGE('',*,*,#1100,.T.);
#826=ORIENTED_EDGE('',*,*,#1107,.T.);
#827=ORIENTED_EDGE('',*,*,#1108,.F.);
#828=ORIENTED_EDGE('',*,*,#1109,.F.);
#829=ORIENTED_EDGE('',*,*,#1105,.T.);
#830=ORIENTED_EDGE('',*,*,#1110,.T.);
#831=ORIENTED_EDGE('',*,*,#1111,.T.);
#832=ORIENTED_EDGE('',*,*,#1112,.F.);
#833=ORIENTED_EDGE('',*,*,#1113,.F.);
#834=ORIENTED_EDGE('',*,*,#1114,.T.);
#835=ORIENTED_EDGE('',*,*,#1108,.T.);
#836=ORIENTED_EDGE('',*,*,#1115,.T.);
#837=ORIENTED_EDGE('',*,*,#1090,.F.);
#838=ORIENTED_EDGE('',*,*,#1116,.F.);
#839=ORIENTED_EDGE('',*,*,#1113,.T.);
#840=ORIENTED_EDGE('',*,*,#1089,.F.);
#841=ORIENTED_EDGE('',*,*,#1093,.F.);
#842=ORIENTED_EDGE('',*,*,#1098,.T.);
#843=ORIENTED_EDGE('',*,*,#1101,.F.);
#844=ORIENTED_EDGE('',*,*,#1106,.T.);
#845=ORIENTED_EDGE('',*,*,#1109,.T.);
#846=ORIENTED_EDGE('',*,*,#1114,.F.);
#847=ORIENTED_EDGE('',*,*,#1116,.T.);
#848=ORIENTED_EDGE('',*,*,#1087,.T.);
#849=ORIENTED_EDGE('',*,*,#1115,.F.);
#850=ORIENTED_EDGE('',*,*,#1112,.T.);
#851=ORIENTED_EDGE('',*,*,#1107,.F.);
#852=ORIENTED_EDGE('',*,*,#1104,.F.);
#853=ORIENTED_EDGE('',*,*,#1099,.T.);
#854=ORIENTED_EDGE('',*,*,#1096,.F.);
#855=ORIENTED_EDGE('',*,*,#1091,.T.);
#856=ORIENTED_EDGE('',*,*,#1103,.T.);
#857=ORIENTED_EDGE('',*,*,#1117,.F.);
#858=ORIENTED_EDGE('',*,*,#1117,.T.);
#859=ORIENTED_EDGE('',*,*,#1118,.F.);
#860=ORIENTED_EDGE('',*,*,#1118,.T.);
#861=ORIENTED_EDGE('',*,*,#1111,.F.);
#862=ORIENTED_EDGE('',*,*,#1102,.T.);
#863=ORIENTED_EDGE('',*,*,#1119,.F.);
#864=ORIENTED_EDGE('',*,*,#1119,.T.);
#865=ORIENTED_EDGE('',*,*,#1120,.F.);
#866=ORIENTED_EDGE('',*,*,#1120,.T.);
#867=ORIENTED_EDGE('',*,*,#1110,.F.);
#868=ORIENTED_EDGE('',*,*,#1095,.T.);
#869=ORIENTED_EDGE('',*,*,#1121,.F.);
#870=ORIENTED_EDGE('',*,*,#1121,.T.);
#871=ORIENTED_EDGE('',*,*,#1122,.F.);
#872=ORIENTED_EDGE('',*,*,#1122,.T.);
#873=ORIENTED_EDGE('',*,*,#1086,.F.);
#874=ORIENTED_EDGE('',*,*,#1094,.T.);
#875=ORIENTED_EDGE('',*,*,#1123,.F.);
#876=ORIENTED_EDGE('',*,*,#1123,.T.);
#877=ORIENTED_EDGE('',*,*,#1124,.F.);
#878=ORIENTED_EDGE('',*,*,#1124,.T.);
#879=ORIENTED_EDGE('',*,*,#1085,.F.);
#880=EDGE_CURVE('',#1125,#1125,#1307,.T.);
#881=EDGE_CURVE('',#1126,#1127,#72,.T.);
#882=EDGE_CURVE('',#1128,#1126,#73,.T.);
#883=EDGE_CURVE('',#1128,#1129,#74,.T.);
#884=EDGE_CURVE('',#1129,#1127,#75,.T.);
#885=EDGE_CURVE('',#1126,#1130,#1308,.T.);
#886=EDGE_CURVE('',#1131,#1130,#76,.T.);
#887=EDGE_CURVE('',#1128,#1131,#1309,.T.);
#888=EDGE_CURVE('',#1132,#1132,#1310,.T.);
#889=EDGE_CURVE('',#1133,#1130,#77,.T.);
#890=EDGE_CURVE('',#1134,#1133,#78,.T.);
#891=EDGE_CURVE('',#1134,#1131,#79,.T.);
#892=EDGE_CURVE('',#1135,#1133,#80,.T.);
#893=EDGE_CURVE('',#1136,#1135,#81,.T.);
#894=EDGE_CURVE('',#1136,#1134,#82,.T.);
#895=EDGE_CURVE('',#1137,#1137,#1311,.T.);
#896=EDGE_CURVE('',#1135,#1138,#83,.T.);
#897=EDGE_CURVE('',#1139,#1138,#84,.T.);
#898=EDGE_CURVE('',#1136,#1139,#85,.T.);
#899=EDGE_CURVE('',#1140,#1138,#1312,.T.);
#900=EDGE_CURVE('',#1141,#1140,#86,.T.);
#901=EDGE_CURVE('',#1141,#1139,#1313,.T.);
#902=EDGE_CURVE('',#1142,#1142,#1314,.T.);
#903=EDGE_CURVE('',#1140,#1143,#87,.T.);
#904=EDGE_CURVE('',#1144,#1143,#88,.T.);
#905=EDGE_CURVE('',#1141,#1144,#89,.T.);
#906=EDGE_CURVE('',#1143,#1127,#90,.T.);
#907=EDGE_CURVE('',#1144,#1129,#91,.T.);
#908=EDGE_CURVE('',#1145,#1145,#1315,.T.);
#909=EDGE_CURVE('',#1146,#1146,#1316,.T.);
#910=EDGE_CURVE('',#1147,#1147,#1317,.T.);
#911=EDGE_CURVE('',#1148,#1148,#1318,.T.);
#912=EDGE_CURVE('',#1149,#1150,#92,.T.);
#913=EDGE_CURVE('',#1149,#1151,#93,.T.);
#914=EDGE_CURVE('',#1151,#1152,#94,.T.);
#915=EDGE_CURVE('',#1150,#1152,#95,.T.);
#916=EDGE_CURVE('',#1153,#1153,#1319,.T.);
#917=EDGE_CURVE('',#1154,#1155,#96,.T.);
#918=EDGE_CURVE('',#1156,#1154,#97,.T.);
#919=EDGE_CURVE('',#1157,#1156,#98,.T.);
#920=EDGE_CURVE('',#1157,#1158,#99,.T.);
#921=EDGE_CURVE('',#1158,#1159,#100,.T.);
#922=EDGE_CURVE('',#1159,#1160,#101,.T.);
#923=EDGE_CURVE('',#1161,#1160,#102,.T.);
#924=EDGE_CURVE('',#1162,#1161,#103,.T.);
#925=EDGE_CURVE('',#1163,#1162,#104,.T.);
#926=EDGE_CURVE('',#1163,#1164,#1320,.T.);
#927=EDGE_CURVE('',#1164,#1165,#105,.T.);
#928=EDGE_CURVE('',#1166,#1165,#106,.T.);
#929=EDGE_CURVE('',#1167,#1166,#107,.T.);
#930=EDGE_CURVE('',#1168,#1167,#108,.T.);
#931=EDGE_CURVE('',#1169,#1168,#109,.T.);
#932=EDGE_CURVE('',#1169,#1170,#1321,.T.);
#933=EDGE_CURVE('',#1171,#1170,#110,.T.);
#934=EDGE_CURVE('',#1172,#1171,#111,.T.);
#935=EDGE_CURVE('',#1173,#1172,#112,.T.);
#936=EDGE_CURVE('',#1173,#1174,#113,.T.);
#937=EDGE_CURVE('',#1175,#1174,#114,.T.);
#938=EDGE_CURVE('',#1176,#1175,#115,.T.);
#939=EDGE_CURVE('',#1176,#1177,#116,.T.);
#940=EDGE_CURVE('',#1177,#1178,#117,.T.);
#941=EDGE_CURVE('',#1178,#1155,#118,.T.);
#942=EDGE_CURVE('',#1179,#1180,#1322,.T.);
#943=EDGE_CURVE('',#1179,#1181,#119,.T.);
#944=EDGE_CURVE('',#1182,#1181,#1323,.T.);
#945=EDGE_CURVE('',#1180,#1182,#120,.T.);
#946=EDGE_CURVE('',#1181,#1183,#24,.T.);
#947=EDGE_CURVE('',#1183,#1184,#25,.T.);
#948=EDGE_CURVE('',#1184,#1185,#1324,.T.);
#949=EDGE_CURVE('',#1186,#1185,#1325,.F.);
#950=EDGE_CURVE('',#1182,#1186,#1326,.T.);
#951=EDGE_CURVE('',#1187,#1188,#121,.T.);
#952=EDGE_CURVE('',#1187,#1154,#122,.T.);
#953=EDGE_CURVE('',#1189,#1155,#123,.T.);
#954=EDGE_CURVE('',#1189,#1179,#124,.T.);
#955=EDGE_CURVE('',#1190,#1180,#125,.T.);
#956=EDGE_CURVE('',#1190,#1161,#1327,.T.);
#957=EDGE_CURVE('',#1188,#1160,#126,.T.);
#958=EDGE_CURVE('',#1191,#1192,#127,.F.);
#959=EDGE_CURVE('',#1191,#1152,#1328,.T.);
#960=EDGE_CURVE('',#1192,#1151,#1329,.T.);
#961=EDGE_CURVE('',#1193,#1183,#128,.T.);
#962=EDGE_CURVE('',#1194,#1193,#1330,.T.);
#963=EDGE_CURVE('',#1194,#1195,#129,.T.);
#964=EDGE_CURVE('',#1195,#1177,#1331,.T.);
#965=EDGE_CURVE('',#1184,#1176,#1332,.F.);
#966=EDGE_CURVE('',#1196,#1196,#1333,.T.);
#967=EDGE_CURVE('',#1197,#1198,#130,.T.);
#968=EDGE_CURVE('',#1198,#1173,#131,.T.);
#969=EDGE_CURVE('',#1172,#1199,#132,.T.);
#970=EDGE_CURVE('',#1200,#1199,#133,.T.);
#971=EDGE_CURVE('',#1200,#1197,#134,.F.);
#972=EDGE_CURVE('',#1201,#1202,#135,.T.);
#973=EDGE_CURVE('',#1201,#1197,#1334,.F.);
#974=EDGE_CURVE('',#1202,#1200,#1335,.F.);
#975=EDGE_CURVE('',#1203,#1175,#136,.T.);
#976=EDGE_CURVE('',#1203,#1201,#137,.T.);
#977=EDGE_CURVE('',#1185,#1202,#138,.T.);
#978=EDGE_CURVE('',#1204,#1162,#1336,.T.);
#979=EDGE_CURVE('',#1205,#1204,#139,.T.);
#980=EDGE_CURVE('',#1205,#1163,#140,.F.);
#981=EDGE_CURVE('',#1206,#1207,#141,.T.);
#982=EDGE_CURVE('',#1206,#1208,#142,.F.);
#983=EDGE_CURVE('',#1208,#1209,#143,.T.);
#984=EDGE_CURVE('',#1209,#1169,#144,.F.);
#985=EDGE_CURVE('',#1168,#1207,#145,.T.);
#986=EDGE_CURVE('',#1210,#1211,#146,.T.);
#987=EDGE_CURVE('',#1211,#1212,#147,.T.);
#988=EDGE_CURVE('',#1213,#1212,#148,.T.);
#989=EDGE_CURVE('',#1171,#1213,#149,.T.);
#990=EDGE_CURVE('',#1170,#1210,#150,.T.);
#991=EDGE_CURVE('',#1214,#1167,#151,.T.);
#992=EDGE_CURVE('',#1214,#1215,#152,.T.);
#993=EDGE_CURVE('',#1215,#1216,#153,.T.);
#994=EDGE_CURVE('',#1207,#1216,#154,.T.);
#995=EDGE_CURVE('',#1199,#1213,#155,.T.);
#996=EDGE_CURVE('',#1217,#1217,#1337,.F.);
#997=EDGE_CURVE('',#1218,#1186,#156,.T.);
#998=EDGE_CURVE('',#1206,#1212,#1338,.F.);
#999=EDGE_CURVE('',#1216,#1205,#1339,.F.);
#1000=EDGE_CURVE('',#1204,#1218,#1340,.F.);
#1001=EDGE_CURVE('',#1182,#1219,#157,.F.);
#1002=EDGE_CURVE('',#1219,#1190,#158,.F.);
#1003=EDGE_CURVE('',#1208,#1211,#1341,.T.);
#1004=EDGE_CURVE('',#1209,#1210,#1342,.T.);
#1005=EDGE_CURVE('',#1220,#1220,#1343,.T.);
#1006=EDGE_CURVE('',#1221,#1221,#1344,.T.);
#1007=EDGE_CURVE('',#1219,#1218,#1345,.F.);
#1008=EDGE_CURVE('',#1219,#1162,#1346,.F.);
#1009=EDGE_CURVE('',#1164,#1215,#159,.T.);
#1010=EDGE_CURVE('',#1223,#1223,#1347,.T.);
#1011=EDGE_CURVE('',#1224,#1156,#1348,.T.);
#1012=EDGE_CURVE('',#1156,#1225,#1349,.T.);
#1013=EDGE_CURVE('',#1225,#1226,#160,.T.);
#1014=EDGE_CURVE('',#1159,#1226,#1350,.T.);
#1015=EDGE_CURVE('',#1227,#1159,#1351,.T.);
#1016=EDGE_CURVE('',#1224,#1227,#161,.T.);
#1017=EDGE_CURVE('',#1228,#1157,#1352,.T.);
#1018=EDGE_CURVE('',#1229,#1224,#162,.T.);
#1019=EDGE_CURVE('',#1230,#1229,#163,.T.);
#1020=EDGE_CURVE('',#1230,#1214,#164,.T.);
#1021=EDGE_CURVE('',#1166,#1228,#165,.T.);
#1022=EDGE_CURVE('',#1231,#1158,#1353,.T.);
#1023=EDGE_CURVE('',#1165,#1231,#166,.T.);
#1024=EDGE_CURVE('',#1232,#1215,#167,.T.);
#1025=EDGE_CURVE('',#1232,#1233,#168,.T.);
#1026=EDGE_CURVE('',#1233,#1227,#169,.T.);
#1027=EDGE_CURVE('',#1234,#1234,#1354,.T.);
#1028=EDGE_CURVE('',#1229,#1233,#170,.T.);
#1029=EDGE_CURVE('',#1230,#1232,#171,.T.);
#1030=EDGE_CURVE('',#1228,#1231,#172,.T.);
#1031=EDGE_CURVE('',#1235,#1236,#173,.T.);
#1032=EDGE_CURVE('',#1237,#1236,#174,.T.);
#1033=EDGE_CURVE('',#1238,#1237,#175,.T.);
#1034=EDGE_CURVE('',#1238,#1235,#176,.T.);
#1035=EDGE_CURVE('',#1239,#1239,#1355,.T.);
#1036=EDGE_CURVE('',#1226,#1236,#177,.T.);
#1037=EDGE_CURVE('',#1225,#1237,#178,.T.);
#1038=EDGE_CURVE('',#1192,#1149,#179,.T.);
#1039=EDGE_CURVE('',#1187,#1238,#180,.T.);
#1040=EDGE_CURVE('',#1191,#1150,#181,.T.);
#1041=EDGE_CURVE('',#1188,#1235,#182,.T.);
#1042=EDGE_CURVE('',#1174,#1195,#183,.T.);
#1043=EDGE_CURVE('',#1240,#1198,#184,.T.);
#1044=EDGE_CURVE('',#1240,#1241,#185,.T.);
#1045=EDGE_CURVE('',#1241,#1242,#186,.T.);
#1046=EDGE_CURVE('',#1242,#1178,#1356,.T.);
#1047=EDGE_CURVE('',#1243,#1242,#187,.T.);
#1048=EDGE_CURVE('',#1243,#1244,#1357,.T.);
#1049=EDGE_CURVE('',#1244,#1245,#188,.T.);
#1050=EDGE_CURVE('',#1178,#1245,#1358,.T.);
#1051=EDGE_CURVE('',#1246,#1246,#1359,.T.);
#1052=EDGE_CURVE('',#1247,#1247,#1360,.T.);
#1053=EDGE_CURVE('',#1248,#1241,#189,.T.);
#1054=EDGE_CURVE('',#1248,#1243,#190,.T.);
#1055=EDGE_CURVE('',#1249,#1240,#191,.T.);
#1056=EDGE_CURVE('',#1249,#1248,#192,.T.);
#1057=EDGE_CURVE('',#1250,#1251,#1361,.T.);
#1058=EDGE_CURVE('',#1250,#1252,#193,.T.);
#1059=EDGE_CURVE('',#1252,#1253,#1362,.T.);
#1060=EDGE_CURVE('',#1251,#1253,#194,.T.);
#1061=EDGE_CURVE('',#1254,#1255,#195,.T.);
#1062=EDGE_CURVE('',#1256,#1255,#196,.T.);
#1063=EDGE_CURVE('',#1257,#1256,#197,.T.);
#1064=EDGE_CURVE('',#1257,#1254,#198,.T.);
#1065=EDGE_CURVE('',#1258,#1258,#1363,.T.);
#1066=EDGE_CURVE('',#1259,#1259,#1364,.T.);
#1067=EDGE_CURVE('',#1245,#1255,#199,.T.);
#1068=EDGE_CURVE('',#1244,#1256,#200,.T.);
#1069=EDGE_CURVE('',#1260,#1251,#201,.T.);
#1070=EDGE_CURVE('',#1250,#1260,#202,.T.);
#1071=EDGE_CURVE('',#1193,#1257,#203,.T.);
#1072=EDGE_CURVE('',#1249,#1261,#204,.T.);
#1073=EDGE_CURVE('',#1261,#1194,#205,.T.);
#1074=EDGE_CURVE('',#1252,#1262,#206,.T.);
#1075=EDGE_CURVE('',#1262,#1253,#207,.T.);
#1076=EDGE_CURVE('',#1189,#1254,#208,.T.);
#1077=EDGE_CURVE('',#1261,#1203,#209,.T.);
#1078=EDGE_CURVE('',#1262,#1260,#210,.T.);
#1079=EDGE_CURVE('',#1264,#1264,#1365,.T.);
#1080=EDGE_CURVE('',#1266,#1266,#1366,.T.);
#1081=EDGE_CURVE('',#1268,#1268,#1367,.T.);
#1082=EDGE_CURVE('',#1270,#1270,#1368,.T.);
#1083=EDGE_CURVE('',#1272,#1272,#1369,.T.);
#1084=EDGE_CURVE('',#1274,#1274,#1370,.T.);
#1085=EDGE_CURVE('',#1275,#1275,#1371,.T.);
#1086=EDGE_CURVE('',#1276,#1276,#1372,.T.);
#1087=EDGE_CURVE('',#1277,#1278,#211,.T.);
#1088=EDGE_CURVE('',#1279,#1277,#212,.T.);
#1089=EDGE_CURVE('',#1279,#1280,#213,.T.);
#1090=EDGE_CURVE('',#1280,#1278,#214,.T.);
#1091=EDGE_CURVE('',#1281,#1277,#215,.T.);
#1092=EDGE_CURVE('',#1282,#1281,#216,.T.);
#1093=EDGE_CURVE('',#1282,#1279,#217,.T.);
#1094=EDGE_CURVE('',#1283,#1283,#1373,.T.);
#1095=EDGE_CURVE('',#1284,#1284,#1374,.T.);
#1096=EDGE_CURVE('',#1281,#1285,#218,.T.);
#1097=EDGE_CURVE('',#1286,#1285,#219,.T.);
#1098=EDGE_CURVE('',#1282,#1286,#220,.T.);
#1099=EDGE_CURVE('',#1287,#1285,#1375,.T.);
#1100=EDGE_CURVE('',#1288,#1287,#221,.T.);
#1101=EDGE_CURVE('',#1288,#1286,#1376,.T.);
#1102=EDGE_CURVE('',#1289,#1289,#1377,.T.);
#1103=EDGE_CURVE('',#1290,#1290,#1378,.T.);
#1104=EDGE_CURVE('',#1287,#1291,#222,.T.);
#1105=EDGE_CURVE('',#1292,#1291,#223,.T.);
#1106=EDGE_CURVE('',#1288,#1292,#224,.T.);
#1107=EDGE_CURVE('',#1291,#1293,#225,.T.);
#1108=EDGE_CURVE('',#1294,#1293,#226,.T.);
#1109=EDGE_CURVE('',#1292,#1294,#227,.T.);
#1110=EDGE_CURVE('',#1295,#1295,#1379,.T.);
#1111=EDGE_CURVE('',#1296,#1296,#1380,.T.);
#1112=EDGE_CURVE('',#1297,#1293,#228,.T.);
#1113=EDGE_CURVE('',#1298,#1297,#229,.T.);
#1114=EDGE_CURVE('',#1298,#1294,#230,.T.);
#1115=EDGE_CURVE('',#1297,#1278,#1381,.T.);
#1116=EDGE_CURVE('',#1298,#1280,#1382,.T.);
#1117=EDGE_CURVE('',#1299,#1299,#1383,.T.);
#1118=EDGE_CURVE('',#1300,#1300,#1384,.T.);
#1119=EDGE_CURVE('',#1301,#1301,#1385,.T.);
#1120=EDGE_CURVE('',#1302,#1302,#1386,.T.);
#1121=EDGE_CURVE('',#1303,#1303,#1387,.T.);
#1122=EDGE_CURVE('',#1304,#1304,#1388,.T.);
#1123=EDGE_CURVE('',#1305,#1305,#1389,.T.);
#1124=EDGE_CURVE('',#1306,#1306,#1390,.T.);
#1125=VERTEX_POINT('',#2664);
#1126=VERTEX_POINT('',#2666);
#1127=VERTEX_POINT('',#2667);
#1128=VERTEX_POINT('',#2669);
#1129=VERTEX_POINT('',#2671);
#1130=VERTEX_POINT('',#2675);
#1131=VERTEX_POINT('',#2677);
#1132=VERTEX_POINT('',#2681);
#1133=VERTEX_POINT('',#2683);
#1134=VERTEX_POINT('',#2685);
#1135=VERTEX_POINT('',#2689);
#1136=VERTEX_POINT('',#2691);
#1137=VERTEX_POINT('',#2695);
#1138=VERTEX_POINT('',#2697);
#1139=VERTEX_POINT('',#2699);
#1140=VERTEX_POINT('',#2703);
#1141=VERTEX_POINT('',#2705);
#1142=VERTEX_POINT('',#2709);
#1143=VERTEX_POINT('',#2711);
#1144=VERTEX_POINT('',#2713);
#1145=VERTEX_POINT('',#2722);
#1146=VERTEX_POINT('',#2725);
#1147=VERTEX_POINT('',#2729);
#1148=VERTEX_POINT('',#2732);
#1149=VERTEX_POINT('',#2737);
#1150=VERTEX_POINT('',#2738);
#1151=VERTEX_POINT('',#2740);
#1152=VERTEX_POINT('',#2742);
#1153=VERTEX_POINT('',#2746);
#1154=VERTEX_POINT('',#2748);
#1155=VERTEX_POINT('',#2749);
#1156=VERTEX_POINT('',#2751);
#1157=VERTEX_POINT('',#2753);
#1158=VERTEX_POINT('',#2755);
#1159=VERTEX_POINT('',#2757);
#1160=VERTEX_POINT('',#2759);
#1161=VERTEX_POINT('',#2761);
#1162=VERTEX_POINT('',#2763);
#1163=VERTEX_POINT('',#2765);
#1164=VERTEX_POINT('',#2767);
#1165=VERTEX_POINT('',#2769);
#1166=VERTEX_POINT('',#2771);
#1167=VERTEX_POINT('',#2773);
#1168=VERTEX_POINT('',#2775);
#1169=VERTEX_POINT('',#2777);
#1170=VERTEX_POINT('',#2779);
#1171=VERTEX_POINT('',#2781);
#1172=VERTEX_POINT('',#2783);
#1173=VERTEX_POINT('',#2785);
#1174=VERTEX_POINT('',#2787);
#1175=VERTEX_POINT('',#2789);
#1176=VERTEX_POINT('',#2791);
#1177=VERTEX_POINT('',#2793);
#1178=VERTEX_POINT('',#2795);
#1179=VERTEX_POINT('',#2799);
#1180=VERTEX_POINT('',#2800);
#1181=VERTEX_POINT('',#2802);
#1182=VERTEX_POINT('',#2804);
#1183=VERTEX_POINT('',#2811);
#1184=VERTEX_POINT('',#2817);
#1185=VERTEX_POINT('',#2819);
#1186=VERTEX_POINT('',#2821);
#1187=VERTEX_POINT('',#2825);
#1188=VERTEX_POINT('',#2826);
#1189=VERTEX_POINT('',#2829);
#1190=VERTEX_POINT('',#2832);
#1191=VERTEX_POINT('',#2837);
#1192=VERTEX_POINT('',#2838);
#1193=VERTEX_POINT('',#2843);
#1194=VERTEX_POINT('',#2845);
#1195=VERTEX_POINT('',#2847);
#1196=VERTEX_POINT('',#2852);
#1197=VERTEX_POINT('',#2854);
#1198=VERTEX_POINT('',#2855);
#1199=VERTEX_POINT('',#2858);
#1200=VERTEX_POINT('',#2860);
#1201=VERTEX_POINT('',#2864);
#1202=VERTEX_POINT('',#2865);
#1203=VERTEX_POINT('',#2870);
#1204=VERTEX_POINT('',#2875);
#1205=VERTEX_POINT('',#2877);
#1206=VERTEX_POINT('',#2881);
#1207=VERTEX_POINT('',#2882);
#1208=VERTEX_POINT('',#2884);
#1209=VERTEX_POINT('',#2886);
#1210=VERTEX_POINT('',#2891);
#1211=VERTEX_POINT('',#2892);
#1212=VERTEX_POINT('',#2894);
#1213=VERTEX_POINT('',#2896);
#1214=VERTEX_POINT('',#2901);
#1215=VERTEX_POINT('',#2903);
#1216=VERTEX_POINT('',#2905);
#1217=VERTEX_POINT('',#2911);
#1218=VERTEX_POINT('',#2913);
#1219=VERTEX_POINT('',#2919);
#1220=VERTEX_POINT('',#2928);
#1221=VERTEX_POINT('',#2931);
#1222=VERTEX_POINT('',#2941);
#1223=VERTEX_POINT('',#2943);
#1224=VERTEX_POINT('',#2947);
#1225=VERTEX_POINT('',#2949);
#1226=VERTEX_POINT('',#2951);
#1227=VERTEX_POINT('',#2954);
#1228=VERTEX_POINT('',#2958);
#1229=VERTEX_POINT('',#2960);
#1230=VERTEX_POINT('',#2962);
#1231=VERTEX_POINT('',#2967);
#1232=VERTEX_POINT('',#2970);
#1233=VERTEX_POINT('',#2972);
#1234=VERTEX_POINT('',#2976);
#1235=VERTEX_POINT('',#2984);
#1236=VERTEX_POINT('',#2985);
#1237=VERTEX_POINT('',#2987);
#1238=VERTEX_POINT('',#2989);
#1239=VERTEX_POINT('',#2993);
#1240=VERTEX_POINT('',#3005);
#1241=VERTEX_POINT('',#3007);
#1242=VERTEX_POINT('',#3009);
#1243=VERTEX_POINT('',#3013);
#1244=VERTEX_POINT('',#3015);
#1245=VERTEX_POINT('',#3017);
#1246=VERTEX_POINT('',#3021);
#1247=VERTEX_POINT('',#3023);
#1248=VERTEX_POINT('',#3025);
#1249=VERTEX_POINT('',#3029);
#1250=VERTEX_POINT('',#3033);
#1251=VERTEX_POINT('',#3034);
#1252=VERTEX_POINT('',#3036);
#1253=VERTEX_POINT('',#3038);
#1254=VERTEX_POINT('',#3042);
#1255=VERTEX_POINT('',#3043);
#1256=VERTEX_POINT('',#3045);
#1257=VERTEX_POINT('',#3047);
#1258=VERTEX_POINT('',#3051);
#1259=VERTEX_POINT('',#3053);
#1260=VERTEX_POINT('',#3058);
#1261=VERTEX_POINT('',#3062);
#1262=VERTEX_POINT('',#3066);
#1263=VERTEX_POINT('',#3079);
#1264=VERTEX_POINT('',#3081);
#1265=VERTEX_POINT('',#3084);
#1266=VERTEX_POINT('',#3086);
#1267=VERTEX_POINT('',#3089);
#1268=VERTEX_POINT('',#3091);
#1269=VERTEX_POINT('',#3094);
#1270=VERTEX_POINT('',#3096);
#1271=VERTEX_POINT('',#3099);
#1272=VERTEX_POINT('',#3101);
#1273=VERTEX_POINT('',#3104);
#1274=VERTEX_POINT('',#3106);
#1275=VERTEX_POINT('',#3113);
#1276=VERTEX_POINT('',#3115);
#1277=VERTEX_POINT('',#3117);
#1278=VERTEX_POINT('',#3118);
#1279=VERTEX_POINT('',#3120);
#1280=VERTEX_POINT('',#3122);
#1281=VERTEX_POINT('',#3126);
#1282=VERTEX_POINT('',#3128);
#1283=VERTEX_POINT('',#3132);
#1284=VERTEX_POINT('',#3134);
#1285=VERTEX_POINT('',#3136);
#1286=VERTEX_POINT('',#3138);
#1287=VERTEX_POINT('',#3142);
#1288=VERTEX_POINT('',#3144);
#1289=VERTEX_POINT('',#3148);
#1290=VERTEX_POINT('',#3150);
#1291=VERTEX_POINT('',#3152);
#1292=VERTEX_POINT('',#3154);
#1293=VERTEX_POINT('',#3158);
#1294=VERTEX_POINT('',#3160);
#1295=VERTEX_POINT('',#3164);
#1296=VERTEX_POINT('',#3166);
#1297=VERTEX_POINT('',#3168);
#1298=VERTEX_POINT('',#3170);
#1299=VERTEX_POINT('',#3179);
#1300=VERTEX_POINT('',#3182);
#1301=VERTEX_POINT('',#3186);
#1302=VERTEX_POINT('',#3189);
#1303=VERTEX_POINT('',#3193);
#1304=VERTEX_POINT('',#3196);
#1305=VERTEX_POINT('',#3200);
#1306=VERTEX_POINT('',#3203);
#1307=CIRCLE('',#1922,0.00325);
#1308=CIRCLE('',#1924,0.031);
#1309=CIRCLE('',#1925,0.031);
#1310=CIRCLE('',#1927,0.00325);
#1311=CIRCLE('',#1930,0.0016);
#1312=CIRCLE('',#1932,0.0270000000000006);
#1313=CIRCLE('',#1933,0.0270000000000006);
#1314=CIRCLE('',#1935,0.0016);
#1315=CIRCLE('',#1940,0.0016);
#1316=CIRCLE('',#1942,0.00325);
#1317=CIRCLE('',#1945,0.0016);
#1318=CIRCLE('',#1947,0.00325);
#1319=CIRCLE('',#1952,0.00325);
#1320=CIRCLE('',#1953,0.005);
#1321=CIRCLE('',#1954,0.00325);
#1322=CIRCLE('',#1956,0.005);
#1323=CIRCLE('',#1957,0.005);
#1324=CIRCLE('',#1959,0.01);
#1325=CIRCLE('',#1960,0.005);
#1326=CIRCLE('',#1961,0.005);
#1327=CIRCLE('',#1963,0.005);
#1328=CIRCLE('',#1965,0.031);
#1329=CIRCLE('',#1966,0.031);
#1330=CIRCLE('',#1968,0.031);
#1331=CIRCLE('',#1969,0.031);
#1332=CIRCLE('',#1970,0.031);
#1333=CIRCLE('',#1972,0.00215);
#1334=CIRCLE('',#1974,0.005);
#1335=CIRCLE('',#1975,0.005);
#1336=CIRCLE('',#1978,0.01);
#1337=CIRCLE('',#1984,0.0017);
#1338=CIRCLE('',#1985,0.0017);
#1339=CIRCLE('',#1986,0.005);
#1340=CIRCLE('',#1987,0.005);
#1341=CIRCLE('',#1990,0.0017);
#1342=CIRCLE('',#1992,0.00325);
#1343=CIRCLE('',#1995,0.0017);
#1344=CIRCLE('',#1997,0.00325);
#1345=CIRCLE('',#2000,0.005);
#1346=CIRCLE('',#2002,0.005);
#1347=CIRCLE('',#2006,0.00215);
#1348=CIRCLE('',#2009,0.027);
#1349=CIRCLE('',#2010,0.027);
#1350=CIRCLE('',#2011,0.027);
#1351=CIRCLE('',#2012,0.027);
#1352=CIRCLE('',#2014,0.031);
#1353=CIRCLE('',#2016,0.031);
#1354=CIRCLE('',#2018,0.00215);
#1355=CIRCLE('',#2023,0.00215);
#1356=CIRCLE('',#2027,0.027);
#1357=CIRCLE('',#2029,0.027);
#1358=CIRCLE('',#2030,0.027);
#1359=CIRCLE('',#2032,0.00215);
#1360=CIRCLE('',#2033,0.00215);
#1361=CIRCLE('',#2036,0.031);
#1362=CIRCLE('',#2037,0.031);
#1363=CIRCLE('',#2040,0.00215);
#1364=CIRCLE('',#2041,0.00215);
#1365=CIRCLE('',#2052,0.00215);
#1366=CIRCLE('',#2055,0.00215);
#1367=CIRCLE('',#2058,0.00215);
#1368=CIRCLE('',#2061,0.00215);
#1369=CIRCLE('',#2064,0.00215);
#1370=CIRCLE('',#2067,0.00215);
#1371=CIRCLE('',#2073,0.00325);
#1372=CIRCLE('',#2074,0.00325);
#1373=CIRCLE('',#2077,0.0016);
#1374=CIRCLE('',#2078,0.0016);
#1375=CIRCLE('',#2080,0.027);
#1376=CIRCLE('',#2081,0.027);
#1377=CIRCLE('',#2083,0.0016);
#1378=CIRCLE('',#2084,0.0016);
#1379=CIRCLE('',#2087,0.00325);
#1380=CIRCLE('',#2088,0.00325);
#1381=CIRCLE('',#2090,0.031);
#1382=CIRCLE('',#2091,0.031);
#1383=CIRCLE('',#2095,0.0016);
#1384=CIRCLE('',#2097,0.00325);
#1385=CIRCLE('',#2100,0.0016);
#1386=CIRCLE('',#2102,0.00325);
#1387=CIRCLE('',#2105,0.0016);
#1388=CIRCLE('',#2107,0.00325);
#1389=CIRCLE('',#2110,0.0016);
#1390=CIRCLE('',#2112,0.00325);
#1391=EDGE_LOOP('',(#390));
#1392=EDGE_LOOP('',(#391,#392,#393,#394));
#1393=EDGE_LOOP('',(#395,#396,#397,#398));
#1394=EDGE_LOOP('',(#399));
#1395=EDGE_LOOP('',(#400,#401,#402,#403));
#1396=EDGE_LOOP('',(#404,#405,#406,#407));
#1397=EDGE_LOOP('',(#408));
#1398=EDGE_LOOP('',(#409,#410,#411,#412));
#1399=EDGE_LOOP('',(#413,#414,#415,#416));
#1400=EDGE_LOOP('',(#417));
#1401=EDGE_LOOP('',(#418,#419,#420,#421));
#1402=EDGE_LOOP('',(#422,#423,#424,#425));
#1403=EDGE_LOOP('',(#426,#427,#428,#429,#430,#431,#432,#433));
#1404=EDGE_LOOP('',(#434,#435,#436,#437,#438,#439,#440,#441));
#1405=EDGE_LOOP('',(#442));
#1406=EDGE_LOOP('',(#443));
#1407=EDGE_LOOP('',(#444));
#1408=EDGE_LOOP('',(#445));
#1409=EDGE_LOOP('',(#446));
#1410=EDGE_LOOP('',(#447));
#1411=EDGE_LOOP('',(#448));
#1412=EDGE_LOOP('',(#449));
#1413=EDGE_LOOP('',(#450));
#1414=EDGE_LOOP('',(#451));
#1415=EDGE_LOOP('',(#452));
#1416=EDGE_LOOP('',(#453));
#1417=EDGE_LOOP('',(#454,#455,#456,#457));
#1418=EDGE_LOOP('',(#458));
#1419=EDGE_LOOP('',(#459,#460,#461,#462,#463,#464,#465,#466,#467,#468,#469,
#470,#471,#472,#473,#474,#475,#476,#477,#478,#479,#480,#481,#482,#483));
#1420=EDGE_LOOP('',(#484,#485,#486,#487));
#1421=EDGE_LOOP('',(#488,#489,#490,#491,#492,#493));
#1422=EDGE_LOOP('',(#494,#495,#496,#497,#498,#499,#500,#501,#502,#503));
#1423=EDGE_LOOP('',(#504,#505,#506,#507));
#1424=EDGE_LOOP('',(#508,#509,#510,#511,#512,#513,#514));
#1425=EDGE_LOOP('',(#515));
#1426=EDGE_LOOP('',(#516,#517,#518,#519,#520,#521));
#1427=EDGE_LOOP('',(#522,#523,#524,#525));
#1428=EDGE_LOOP('',(#526,#527,#528,#529,#530,#531,#532));
#1429=EDGE_LOOP('',(#533,#534,#535,#536));
#1430=EDGE_LOOP('',(#537,#538,#539,#540,#541,#542));
#1431=EDGE_LOOP('',(#543,#544,#545,#546,#547,#548));
#1432=EDGE_LOOP('',(#549,#550,#551,#552,#553,#554));
#1433=EDGE_LOOP('',(#555,#556,#557,#558));
#1434=EDGE_LOOP('',(#559));
#1435=EDGE_LOOP('',(#560,#561,#562,#563,#564,#565,#566,#567,#568,#569,#570,
#571,#572));
#1436=EDGE_LOOP('',(#573,#574,#575,#576));
#1437=EDGE_LOOP('',(#577,#578,#579,#580));
#1438=EDGE_LOOP('',(#581,#582,#583,#584));
#1439=EDGE_LOOP('',(#585,#586,#587,#588));
#1440=EDGE_LOOP('',(#589));
#1441=EDGE_LOOP('',(#590));
#1442=EDGE_LOOP('',(#591));
#1443=EDGE_LOOP('',(#592));
#1444=EDGE_LOOP('',(#593));
#1445=EDGE_LOOP('',(#594));
#1446=EDGE_LOOP('',(#595,#596,#597,#598));
#1447=EDGE_LOOP('',(#599,#600,#601,#602));
#1448=EDGE_LOOP('',(#603,#604,#605,#606));
#1449=EDGE_LOOP('',(#607,#608,#609,#610,#611));
#1450=EDGE_LOOP('',(#612));
#1451=EDGE_LOOP('',(#613));
#1452=EDGE_LOOP('',(#614));
#1453=EDGE_LOOP('',(#615,#616,#617,#618,#619,#620));
#1454=EDGE_LOOP('',(#621,#622,#623,#624,#625,#626,#627,#628,#629));
#1455=EDGE_LOOP('',(#630,#631,#632,#633,#634,#635,#636,#637,#638));
#1456=EDGE_LOOP('',(#639));
#1457=EDGE_LOOP('',(#640,#641,#642,#643));
#1458=EDGE_LOOP('',(#644,#645,#646,#647));
#1459=EDGE_LOOP('',(#648,#649,#650,#651));
#1460=EDGE_LOOP('',(#652,#653,#654,#655));
#1461=EDGE_LOOP('',(#656));
#1462=EDGE_LOOP('',(#657,#658,#659,#660));
#1463=EDGE_LOOP('',(#661,#662,#663));
#1464=EDGE_LOOP('',(#664,#665,#666,#667,#668,#669));
#1465=EDGE_LOOP('',(#670,#671,#672));
#1466=EDGE_LOOP('',(#673,#674,#675,#676,#677,#678));
#1467=EDGE_LOOP('',(#679,#680,#681,#682,#683,#684,#685,#686,#687));
#1468=EDGE_LOOP('',(#688,#689,#690,#691,#692));
#1469=EDGE_LOOP('',(#693));
#1470=EDGE_LOOP('',(#694));
#1471=EDGE_LOOP('',(#695,#696,#697,#698));
#1472=EDGE_LOOP('',(#699,#700,#701,#702));
#1473=EDGE_LOOP('',(#703,#704,#705,#706));
#1474=EDGE_LOOP('',(#707,#708,#709,#710));
#1475=EDGE_LOOP('',(#711));
#1476=EDGE_LOOP('',(#712));
#1477=EDGE_LOOP('',(#713,#714,#715,#716));
#1478=EDGE_LOOP('',(#717,#718,#719));
#1479=EDGE_LOOP('',(#720,#721,#722,#723,#724,#725,#726,#727,#728));
#1480=EDGE_LOOP('',(#729,#730,#731));
#1481=EDGE_LOOP('',(#732,#733,#734,#735,#736,#737));
#1482=EDGE_LOOP('',(#738,#739,#740,#741,#742,#743));
#1483=EDGE_LOOP('',(#744,#745,#746,#747,#748,#749,#750));
#1484=EDGE_LOOP('',(#751,#752,#753,#754));
#1485=EDGE_LOOP('',(#755,#756,#757,#758));
#1486=EDGE_LOOP('',(#759,#760,#761,#762));
#1487=EDGE_LOOP('',(#763,#764,#765,#766,#767,#768,#769));
#1488=EDGE_LOOP('',(#770,#771,#772,#773));
#1489=EDGE_LOOP('',(#774));
#1490=EDGE_LOOP('',(#775));
#1491=EDGE_LOOP('',(#776));
#1492=EDGE_LOOP('',(#777));
#1493=EDGE_LOOP('',(#778));
#1494=EDGE_LOOP('',(#779));
#1495=EDGE_LOOP('',(#780));
#1496=EDGE_LOOP('',(#781));
#1497=EDGE_LOOP('',(#782));
#1498=EDGE_LOOP('',(#783));
#1499=EDGE_LOOP('',(#784));
#1500=EDGE_LOOP('',(#785));
#1501=EDGE_LOOP('',(#786));
#1502=EDGE_LOOP('',(#787));
#1503=EDGE_LOOP('',(#788));
#1504=EDGE_LOOP('',(#789));
#1505=EDGE_LOOP('',(#790));
#1506=EDGE_LOOP('',(#791));
#1507=EDGE_LOOP('',(#792,#793,#794,#795));
#1508=EDGE_LOOP('',(#796,#797,#798,#799));
#1509=EDGE_LOOP('',(#800));
#1510=EDGE_LOOP('',(#801));
#1511=EDGE_LOOP('',(#802,#803,#804,#805));
#1512=EDGE_LOOP('',(#806,#807,#808,#809));
#1513=EDGE_LOOP('',(#810));
#1514=EDGE_LOOP('',(#811));
#1515=EDGE_LOOP('',(#812,#813,#814,#815));
#1516=EDGE_LOOP('',(#816,#817,#818,#819));
#1517=EDGE_LOOP('',(#820));
#1518=EDGE_LOOP('',(#821));
#1519=EDGE_LOOP('',(#822,#823,#824,#825));
#1520=EDGE_LOOP('',(#826,#827,#828,#829));
#1521=EDGE_LOOP('',(#830));
#1522=EDGE_LOOP('',(#831));
#1523=EDGE_LOOP('',(#832,#833,#834,#835));
#1524=EDGE_LOOP('',(#836,#837,#838,#839));
#1525=EDGE_LOOP('',(#840,#841,#842,#843,#844,#845,#846,#847));
#1526=EDGE_LOOP('',(#848,#849,#850,#851,#852,#853,#854,#855));
#1527=EDGE_LOOP('',(#856));
#1528=EDGE_LOOP('',(#857));
#1529=EDGE_LOOP('',(#858));
#1530=EDGE_LOOP('',(#859));
#1531=EDGE_LOOP('',(#860));
#1532=EDGE_LOOP('',(#861));
#1533=EDGE_LOOP('',(#862));
#1534=EDGE_LOOP('',(#863));
#1535=EDGE_LOOP('',(#864));
#1536=EDGE_LOOP('',(#865));
#1537=EDGE_LOOP('',(#866));
#1538=EDGE_LOOP('',(#867));
#1539=EDGE_LOOP('',(#868));
#1540=EDGE_LOOP('',(#869));
#1541=EDGE_LOOP('',(#870));
#1542=EDGE_LOOP('',(#871));
#1543=EDGE_LOOP('',(#872));
#1544=EDGE_LOOP('',(#873));
#1545=EDGE_LOOP('',(#874));
#1546=EDGE_LOOP('',(#875));
#1547=EDGE_LOOP('',(#876));
#1548=EDGE_LOOP('',(#877));
#1549=EDGE_LOOP('',(#878));
#1550=EDGE_LOOP('',(#879));
#1551=FACE_BOUND('',#1391,.T.);
#1552=FACE_BOUND('',#1392,.T.);
#1553=FACE_BOUND('',#1393,.T.);
#1554=FACE_BOUND('',#1394,.T.);
#1555=FACE_BOUND('',#1395,.T.);
#1556=FACE_BOUND('',#1396,.T.);
#1557=FACE_BOUND('',#1397,.T.);
#1558=FACE_BOUND('',#1398,.T.);
#1559=FACE_BOUND('',#1399,.T.);
#1560=FACE_BOUND('',#1400,.T.);
#1561=FACE_BOUND('',#1401,.T.);
#1562=FACE_BOUND('',#1402,.T.);
#1563=FACE_BOUND('',#1403,.T.);
#1564=FACE_BOUND('',#1404,.T.);
#1565=FACE_BOUND('',#1405,.T.);
#1566=FACE_BOUND('',#1406,.T.);
#1567=FACE_BOUND('',#1407,.T.);
#1568=FACE_BOUND('',#1408,.T.);
#1569=FACE_BOUND('',#1409,.T.);
#1570=FACE_BOUND('',#1410,.T.);
#1571=FACE_BOUND('',#1411,.T.);
#1572=FACE_BOUND('',#1412,.T.);
#1573=FACE_BOUND('',#1413,.T.);
#1574=FACE_BOUND('',#1414,.T.);
#1575=FACE_BOUND('',#1415,.T.);
#1576=FACE_BOUND('',#1416,.T.);
#1577=FACE_BOUND('',#1417,.T.);
#1578=FACE_BOUND('',#1418,.T.);
#1579=FACE_BOUND('',#1419,.T.);
#1580=FACE_BOUND('',#1420,.T.);
#1581=FACE_BOUND('',#1421,.T.);
#1582=FACE_BOUND('',#1422,.T.);
#1583=FACE_BOUND('',#1423,.T.);
#1584=FACE_BOUND('',#1424,.T.);
#1585=FACE_BOUND('',#1425,.T.);
#1586=FACE_BOUND('',#1426,.T.);
#1587=FACE_BOUND('',#1427,.T.);
#1588=FACE_BOUND('',#1428,.T.);
#1589=FACE_BOUND('',#1429,.T.);
#1590=FACE_BOUND('',#1430,.T.);
#1591=FACE_BOUND('',#1431,.T.);
#1592=FACE_BOUND('',#1432,.T.);
#1593=FACE_BOUND('',#1433,.T.);
#1594=FACE_BOUND('',#1434,.T.);
#1595=FACE_BOUND('',#1435,.T.);
#1596=FACE_BOUND('',#1436,.T.);
#1597=FACE_BOUND('',#1437,.T.);
#1598=FACE_BOUND('',#1438,.T.);
#1599=FACE_BOUND('',#1439,.T.);
#1600=FACE_BOUND('',#1440,.T.);
#1601=FACE_BOUND('',#1441,.T.);
#1602=FACE_BOUND('',#1442,.T.);
#1603=FACE_BOUND('',#1443,.T.);
#1604=FACE_BOUND('',#1444,.T.);
#1605=FACE_BOUND('',#1445,.T.);
#1606=FACE_BOUND('',#1446,.T.);
#1607=FACE_BOUND('',#1447,.T.);
#1608=FACE_BOUND('',#1448,.T.);
#1609=FACE_BOUND('',#1449,.T.);
#1610=FACE_BOUND('',#10,.T.);
#1611=FACE_BOUND('',#1450,.T.);
#1612=FACE_BOUND('',#1451,.T.);
#1613=FACE_BOUND('',#1452,.T.);
#1614=FACE_BOUND('',#1453,.T.);
#1615=FACE_BOUND('',#1454,.T.);
#1616=FACE_BOUND('',#1455,.T.);
#1617=FACE_BOUND('',#1456,.T.);
#1618=FACE_BOUND('',#1457,.T.);
#1619=FACE_BOUND('',#1458,.T.);
#1620=FACE_BOUND('',#1459,.T.);
#1621=FACE_BOUND('',#1460,.T.);
#1622=FACE_BOUND('',#1461,.T.);
#1623=FACE_BOUND('',#1462,.T.);
#1624=FACE_BOUND('',#1463,.T.);
#1625=FACE_BOUND('',#1464,.T.);
#1626=FACE_BOUND('',#1465,.T.);
#1627=FACE_BOUND('',#1466,.T.);
#1628=FACE_BOUND('',#1467,.T.);
#1629=FACE_BOUND('',#1468,.T.);
#1630=FACE_BOUND('',#1469,.T.);
#1631=FACE_BOUND('',#1470,.T.);
#1632=FACE_BOUND('',#1471,.T.);
#1633=FACE_BOUND('',#1472,.T.);
#1634=FACE_BOUND('',#1473,.T.);
#1635=FACE_BOUND('',#1474,.T.);
#1636=FACE_BOUND('',#1475,.T.);
#1637=FACE_BOUND('',#1476,.T.);
#1638=FACE_BOUND('',#1477,.T.);
#1639=FACE_BOUND('',#1478,.T.);
#1640=FACE_BOUND('',#1479,.T.);
#1641=FACE_BOUND('',#1480,.T.);
#1642=FACE_BOUND('',#1481,.T.);
#1643=FACE_BOUND('',#1482,.T.);
#1644=FACE_BOUND('',#1483,.T.);
#1645=FACE_BOUND('',#1484,.T.);
#1646=FACE_BOUND('',#1485,.T.);
#1647=FACE_BOUND('',#1486,.T.);
#1648=FACE_BOUND('',#1487,.T.);
#1649=FACE_BOUND('',#1488,.T.);
#1650=FACE_BOUND('',#11,.T.);
#1651=FACE_BOUND('',#1489,.T.);
#1652=FACE_BOUND('',#1490,.T.);
#1653=FACE_BOUND('',#1491,.T.);
#1654=FACE_BOUND('',#12,.T.);
#1655=FACE_BOUND('',#1492,.T.);
#1656=FACE_BOUND('',#1493,.T.);
#1657=FACE_BOUND('',#1494,.T.);
#1658=FACE_BOUND('',#13,.T.);
#1659=FACE_BOUND('',#1495,.T.);
#1660=FACE_BOUND('',#1496,.T.);
#1661=FACE_BOUND('',#1497,.T.);
#1662=FACE_BOUND('',#14,.T.);
#1663=FACE_BOUND('',#1498,.T.);
#1664=FACE_BOUND('',#1499,.T.);
#1665=FACE_BOUND('',#1500,.T.);
#1666=FACE_BOUND('',#15,.T.);
#1667=FACE_BOUND('',#1501,.T.);
#1668=FACE_BOUND('',#1502,.T.);
#1669=FACE_BOUND('',#1503,.T.);
#1670=FACE_BOUND('',#16,.T.);
#1671=FACE_BOUND('',#1504,.T.);
#1672=FACE_BOUND('',#1505,.T.);
#1673=FACE_BOUND('',#1506,.T.);
#1674=FACE_BOUND('',#1507,.T.);
#1675=FACE_BOUND('',#1508,.T.);
#1676=FACE_BOUND('',#1509,.T.);
#1677=FACE_BOUND('',#1510,.T.);
#1678=FACE_BOUND('',#1511,.T.);
#1679=FACE_BOUND('',#1512,.T.);
#1680=FACE_BOUND('',#1513,.T.);
#1681=FACE_BOUND('',#1514,.T.);
#1682=FACE_BOUND('',#1515,.T.);
#1683=FACE_BOUND('',#1516,.T.);
#1684=FACE_BOUND('',#1517,.T.);
#1685=FACE_BOUND('',#1518,.T.);
#1686=FACE_BOUND('',#1519,.T.);
#1687=FACE_BOUND('',#1520,.T.);
#1688=FACE_BOUND('',#1521,.T.);
#1689=FACE_BOUND('',#1522,.T.);
#1690=FACE_BOUND('',#1523,.T.);
#1691=FACE_BOUND('',#1524,.T.);
#1692=FACE_BOUND('',#1525,.T.);
#1693=FACE_BOUND('',#1526,.T.);
#1694=FACE_BOUND('',#1527,.T.);
#1695=FACE_BOUND('',#1528,.T.);
#1696=FACE_BOUND('',#1529,.T.);
#1697=FACE_BOUND('',#1530,.T.);
#1698=FACE_BOUND('',#1531,.T.);
#1699=FACE_BOUND('',#1532,.T.);
#1700=FACE_BOUND('',#1533,.T.);
#1701=FACE_BOUND('',#1534,.T.);
#1702=FACE_BOUND('',#1535,.T.);
#1703=FACE_BOUND('',#1536,.T.);
#1704=FACE_BOUND('',#1537,.T.);
#1705=FACE_BOUND('',#1538,.T.);
#1706=FACE_BOUND('',#1539,.T.);
#1707=FACE_BOUND('',#1540,.T.);
#1708=FACE_BOUND('',#1541,.T.);
#1709=FACE_BOUND('',#1542,.T.);
#1710=FACE_BOUND('',#1543,.T.);
#1711=FACE_BOUND('',#1544,.T.);
#1712=FACE_BOUND('',#1545,.T.);
#1713=FACE_BOUND('',#1546,.T.);
#1714=FACE_BOUND('',#1547,.T.);
#1715=FACE_BOUND('',#1548,.T.);
#1716=FACE_BOUND('',#1549,.T.);
#1717=FACE_BOUND('',#1550,.T.);
#1718=PLANE('',#1921);
#1719=PLANE('',#1926);
#1720=PLANE('',#1928);
#1721=PLANE('',#1929);
#1722=PLANE('',#1934);
#1723=PLANE('',#1936);
#1724=PLANE('',#1937);
#1725=PLANE('',#1938);
#1726=PLANE('',#1941);
#1727=PLANE('',#1946);
#1728=PLANE('',#1950);
#1729=PLANE('',#1951);
#1730=PLANE('',#1962);
#1731=PLANE('',#1971);
#1732=PLANE('',#1976);
#1733=PLANE('',#1977);
#1734=PLANE('',#1979);
#1735=PLANE('',#1980);
#1736=PLANE('',#1981);
#1737=PLANE('',#1982);
#1738=PLANE('',#1983);
#1739=PLANE('',#1988);
#1740=PLANE('',#1991);
#1741=PLANE('',#1996);
#1742=PLANE('',#2013);
#1743=PLANE('',#2015);
#1744=PLANE('',#2017);
#1745=PLANE('',#2019);
#1746=PLANE('',#2021);
#1747=PLANE('',#2022);
#1748=PLANE('',#2024);
#1749=PLANE('',#2025);
#1750=PLANE('',#2026);
#1751=PLANE('',#2031);
#1752=PLANE('',#2034);
#1753=PLANE('',#2038);
#1754=PLANE('',#2039);
#1755=PLANE('',#2042);
#1756=PLANE('',#2043);
#1757=PLANE('',#2044);
#1758=PLANE('',#2045);
#1759=PLANE('',#2046);
#1760=PLANE('',#2047);
#1761=PLANE('',#2048);
#1762=PLANE('',#2049);
#1763=PLANE('',#2050);
#1764=PLANE('',#2069);
#1765=PLANE('',#2070);
#1766=PLANE('',#2072);
#1767=PLANE('',#2075);
#1768=PLANE('',#2076);
#1769=PLANE('',#2082);
#1770=PLANE('',#2085);
#1771=PLANE('',#2086);
#1772=PLANE('',#2092);
#1773=PLANE('',#2093);
#1774=PLANE('',#2096);
#1775=PLANE('',#2101);
#1776=PLANE('',#2106);
#1777=PLANE('',#2111);
#1778=ADVANCED_FACE('',(#1551,#1552),#1718,.T.);
#1779=ADVANCED_FACE('',(#1553),#34,.T.);
#1780=ADVANCED_FACE('',(#1554,#1555),#1719,.T.);
#1781=ADVANCED_FACE('',(#1556),#1720,.T.);
#1782=ADVANCED_FACE('',(#1557,#1558),#1721,.F.);
#1783=ADVANCED_FACE('',(#1559),#35,.F.);
#1784=ADVANCED_FACE('',(#1560,#1561),#1722,.F.);
#1785=ADVANCED_FACE('',(#1562),#1723,.F.);
#1786=ADVANCED_FACE('',(#1563),#1724,.T.);
#1787=ADVANCED_FACE('',(#1564),#1725,.F.);
#1788=ADVANCED_FACE('',(#1565,#1566),#36,.F.);
#1789=ADVANCED_FACE('',(#1567,#1568),#1726,.T.);
#1790=ADVANCED_FACE('',(#1569,#1570),#37,.F.);
#1791=ADVANCED_FACE('',(#1571,#1572),#38,.F.);
#1792=ADVANCED_FACE('',(#1573,#1574),#1727,.T.);
#1793=ADVANCED_FACE('',(#1575,#1576),#39,.F.);
#1794=ADVANCED_FACE('',(#1577),#1728,.F.);
#1795=ADVANCED_FACE('',(#1578,#1579),#1729,.T.);
#1796=ADVANCED_FACE('',(#1580),#40,.T.);
#1797=ADVANCED_FACE('',(#1581),#26,.T.);
#1798=ADVANCED_FACE('',(#1582),#1730,.T.);
#1799=ADVANCED_FACE('',(#1583),#41,.T.);
#1800=ADVANCED_FACE('',(#1584),#42,.T.);
#1801=ADVANCED_FACE('',(#1585,#1586),#1731,.T.);
#1802=ADVANCED_FACE('',(#1587),#43,.T.);
#1803=ADVANCED_FACE('',(#1588),#1732,.T.);
#1804=ADVANCED_FACE('',(#1589),#1733,.T.);
#1805=ADVANCED_FACE('',(#1590),#1734,.T.);
#1806=ADVANCED_FACE('',(#1591),#1735,.T.);
#1807=ADVANCED_FACE('',(#1592),#1736,.T.);
#1808=ADVANCED_FACE('',(#1593),#1737,.T.);
#1809=ADVANCED_FACE('',(#1594,#1595),#1738,.F.);
#1810=ADVANCED_FACE('',(#1596),#1739,.T.);
#1811=ADVANCED_FACE('',(#1597),#44,.F.);
#1812=ADVANCED_FACE('',(#1598),#1740,.T.);
#1813=ADVANCED_FACE('',(#1599),#45,.F.);
#1814=ADVANCED_FACE('',(#1600,#1601),#46,.F.);
#1815=ADVANCED_FACE('',(#1602,#1603),#1741,.T.);
#1816=ADVANCED_FACE('',(#1604,#1605),#47,.F.);
#1817=ADVANCED_FACE('',(#1606),#48,.F.);
#1818=ADVANCED_FACE('',(#1607),#27,.T.);
#1819=ADVANCED_FACE('',(#1608),#49,.T.);
#1820=ADVANCED_FACE('',(#1609),#50,.T.);
#1821=ADVANCED_FACE('',(#1610,#1611),#17,.F.);
#1822=ADVANCED_FACE('',(#1612,#1613),#51,.F.);
#1823=ADVANCED_FACE('',(#1614),#52,.F.);
#1824=ADVANCED_FACE('',(#1615),#1742,.T.);
#1825=ADVANCED_FACE('',(#1616),#1743,.F.);
#1826=ADVANCED_FACE('',(#1617,#1618),#1744,.T.);
#1827=ADVANCED_FACE('',(#1619),#1745,.T.);
#1828=ADVANCED_FACE('',(#1620),#53,.T.);
#1829=ADVANCED_FACE('',(#1621),#1746,.F.);
#1830=ADVANCED_FACE('',(#1622,#1623),#1747,.T.);
#1831=ADVANCED_FACE('',(#1624,#1625),#1748,.T.);
#1832=ADVANCED_FACE('',(#1626,#1627),#1749,.F.);
#1833=ADVANCED_FACE('',(#1628),#1750,.F.);
#1834=ADVANCED_FACE('',(#1629),#54,.F.);
#1835=ADVANCED_FACE('',(#1630,#1631,#1632),#1751,.T.);
#1836=ADVANCED_FACE('',(#1633),#1752,.T.);
#1837=ADVANCED_FACE('',(#1634),#55,.T.);
#1838=ADVANCED_FACE('',(#1635),#1753,.F.);
#1839=ADVANCED_FACE('',(#1636,#1637,#1638),#1754,.T.);
#1840=ADVANCED_FACE('',(#1639,#1640),#1755,.T.);
#1841=ADVANCED_FACE('',(#1641,#1642),#1756,.F.);
#1842=ADVANCED_FACE('',(#1643),#1757,.T.);
#1843=ADVANCED_FACE('',(#1644),#1758,.F.);
#1844=ADVANCED_FACE('',(#1645),#1759,.T.);
#1845=ADVANCED_FACE('',(#1646),#1760,.F.);
#1846=ADVANCED_FACE('',(#1647),#1761,.F.);
#1847=ADVANCED_FACE('',(#1648),#1762,.F.);
#1848=ADVANCED_FACE('',(#1649),#1763,.F.);
#1849=ADVANCED_FACE('',(#1650,#1651),#18,.F.);
#1850=ADVANCED_FACE('',(#1652,#1653),#56,.F.);
#1851=ADVANCED_FACE('',(#1654,#1655),#19,.F.);
#1852=ADVANCED_FACE('',(#1656,#1657),#57,.F.);
#1853=ADVANCED_FACE('',(#1658,#1659),#20,.F.);
#1854=ADVANCED_FACE('',(#1660,#1661),#58,.F.);
#1855=ADVANCED_FACE('',(#1662,#1663),#21,.F.);
#1856=ADVANCED_FACE('',(#1664,#1665),#59,.F.);
#1857=ADVANCED_FACE('',(#1666,#1667),#22,.F.);
#1858=ADVANCED_FACE('',(#1668,#1669),#60,.F.);
#1859=ADVANCED_FACE('',(#1670,#1671),#23,.F.);
#1860=ADVANCED_FACE('',(#1672,#1673),#61,.F.);
#1861=ADVANCED_FACE('',(#1674),#1764,.T.);
#1862=ADVANCED_FACE('',(#1675),#1765,.F.);
#1863=ADVANCED_FACE('',(#1676,#1677,#1678),#1766,.T.);
#1864=ADVANCED_FACE('',(#1679),#1767,.T.);
#1865=ADVANCED_FACE('',(#1680,#1681,#1682),#1768,.F.);
#1866=ADVANCED_FACE('',(#1683),#62,.F.);
#1867=ADVANCED_FACE('',(#1684,#1685,#1686),#1769,.F.);
#1868=ADVANCED_FACE('',(#1687),#1770,.F.);
#1869=ADVANCED_FACE('',(#1688,#1689,#1690),#1771,.T.);
#1870=ADVANCED_FACE('',(#1691),#63,.T.);
#1871=ADVANCED_FACE('',(#1692),#1772,.T.);
#1872=ADVANCED_FACE('',(#1693),#1773,.F.);
#1873=ADVANCED_FACE('',(#1694,#1695),#64,.F.);
#1874=ADVANCED_FACE('',(#1696,#1697),#1774,.T.);
#1875=ADVANCED_FACE('',(#1698,#1699),#65,.F.);
#1876=ADVANCED_FACE('',(#1700,#1701),#66,.F.);
#1877=ADVANCED_FACE('',(#1702,#1703),#1775,.T.);
#1878=ADVANCED_FACE('',(#1704,#1705),#67,.F.);
#1879=ADVANCED_FACE('',(#1706,#1707),#68,.F.);
#1880=ADVANCED_FACE('',(#1708,#1709),#1776,.T.);
#1881=ADVANCED_FACE('',(#1710,#1711),#69,.F.);
#1882=ADVANCED_FACE('',(#1712,#1713),#70,.F.);
#1883=ADVANCED_FACE('',(#1714,#1715),#1777,.T.);
#1884=ADVANCED_FACE('',(#1716,#1717),#71,.F.);
#1885=CLOSED_SHELL('',(#1778,#1779,#1780,#1781,#1782,#1783,#1784,#1785,
#1786,#1787,#1788,#1789,#1790,#1791,#1792,#1793));
#1886=CLOSED_SHELL('',(#1794,#1795,#1796,#1797,#1798,#1799,#1800,#1801,
#1802,#1803,#1804,#1805,#1806,#1807,#1808,#1809,#1810,#1811,#1812,#1813,
#1814,#1815,#1816,#1817,#1818,#1819,#1820,#1821,#1822,#1823,#1824,#1825,
#1826,#1827,#1828,#1829,#1830,#1831,#1832,#1833,#1834,#1835,#1836,#1837,
#1838,#1839,#1840,#1841,#1842,#1843,#1844,#1845,#1846,#1847,#1848,#1849,
#1850,#1851,#1852,#1853,#1854,#1855,#1856,#1857,#1858,#1859,#1860,#1861,
#1862));
#1887=CLOSED_SHELL('',(#1863,#1864,#1865,#1866,#1867,#1868,#1869,#1870,
#1871,#1872,#1873,#1874,#1875,#1876,#1877,#1878,#1879,#1880,#1881,#1882,
#1883,#1884));
#1888=STYLED_ITEM('',(#1891),#1911);
#1889=STYLED_ITEM('',(#1892),#1912);
#1890=STYLED_ITEM('',(#1893),#1913);
#1891=PRESENTATION_STYLE_ASSIGNMENT((#1894));
#1892=PRESENTATION_STYLE_ASSIGNMENT((#1895));
#1893=PRESENTATION_STYLE_ASSIGNMENT((#1896));
#1894=SURFACE_STYLE_USAGE(.BOTH.,#1897);
#1895=SURFACE_STYLE_USAGE(.BOTH.,#1898);
#1896=SURFACE_STYLE_USAGE(.BOTH.,#1899);
#1897=SURFACE_SIDE_STYLE('',(#1900));
#1898=SURFACE_SIDE_STYLE('',(#1901));
#1899=SURFACE_SIDE_STYLE('',(#1902));
#1900=SURFACE_STYLE_FILL_AREA(#1903);
#1901=SURFACE_STYLE_FILL_AREA(#1904);
#1902=SURFACE_STYLE_FILL_AREA(#1905);
#1903=FILL_AREA_STYLE('',(#1906));
#1904=FILL_AREA_STYLE('',(#1907));
#1905=FILL_AREA_STYLE('',(#1908));
#1906=FILL_AREA_STYLE_COLOUR('',#1909);
#1907=FILL_AREA_STYLE_COLOUR('',#1910);
#1908=FILL_AREA_STYLE_COLOUR('',#1909);
#1909=COLOUR_RGB('',0.917647058823529,0.917647058823529,0.917647058823529);
#1910=COLOUR_RGB('',0.647058823529412,0.647058823529412,0.647058823529412);
#1911=MANIFOLD_SOLID_BREP('Part 2',#1885);
#1912=MANIFOLD_SOLID_BREP('Part 1',#1886);
#1913=MANIFOLD_SOLID_BREP('Part 3',#1887);
#1914=SHAPE_DEFINITION_REPRESENTATION(#3223,#1917);
#1915=SHAPE_DEFINITION_REPRESENTATION(#3224,#1918);
#1916=SHAPE_DEFINITION_REPRESENTATION(#3225,#1919);
#1917=SHAPE_REPRESENTATION('Part 2',(#1920),#3208);
#1918=SHAPE_REPRESENTATION('Part 1',(#1949),#3209);
#1919=SHAPE_REPRESENTATION('Part 3',(#2071),#3210);
#1920=AXIS2_PLACEMENT_3D('',#2661,#2114,#2115);
#1921=AXIS2_PLACEMENT_3D('',#2662,#2116,#2117);
#1922=AXIS2_PLACEMENT_3D('',#2663,#2118,#2119);
#1923=AXIS2_PLACEMENT_3D('',#2673,#2124,#2125);
#1924=AXIS2_PLACEMENT_3D('',#2674,#2126,#2127);
#1925=AXIS2_PLACEMENT_3D('',#2678,#2129,#2130);
#1926=AXIS2_PLACEMENT_3D('',#2679,#2131,#2132);
#1927=AXIS2_PLACEMENT_3D('',#2680,#2133,#2134);
#1928=AXIS2_PLACEMENT_3D('',#2687,#2138,#2139);
#1929=AXIS2_PLACEMENT_3D('',#2693,#2143,#2144);
#1930=AXIS2_PLACEMENT_3D('',#2694,#2145,#2146);
#1931=AXIS2_PLACEMENT_3D('',#2701,#2150,#2151);
#1932=AXIS2_PLACEMENT_3D('',#2702,#2152,#2153);
#1933=AXIS2_PLACEMENT_3D('',#2706,#2155,#2156);
#1934=AXIS2_PLACEMENT_3D('',#2707,#2157,#2158);
#1935=AXIS2_PLACEMENT_3D('',#2708,#2159,#2160);
#1936=AXIS2_PLACEMENT_3D('',#2715,#2164,#2165);
#1937=AXIS2_PLACEMENT_3D('',#2718,#2168,#2169);
#1938=AXIS2_PLACEMENT_3D('',#2719,#2170,#2171);
#1939=AXIS2_PLACEMENT_3D('',#2720,#2172,#2173);
#1940=AXIS2_PLACEMENT_3D('',#2721,#2174,#2175);
#1941=AXIS2_PLACEMENT_3D('',#2723,#2176,#2177);
#1942=AXIS2_PLACEMENT_3D('',#2724,#2178,#2179);
#1943=AXIS2_PLACEMENT_3D('',#2726,#2180,#2181);
#1944=AXIS2_PLACEMENT_3D('',#2727,#2182,#2183);
#1945=AXIS2_PLACEMENT_3D('',#2728,#2184,#2185);
#1946=AXIS2_PLACEMENT_3D('',#2730,#2186,#2187);
#1947=AXIS2_PLACEMENT_3D('',#2731,#2188,#2189);
#1948=AXIS2_PLACEMENT_3D('',#2733,#2190,#2191);
#1949=AXIS2_PLACEMENT_3D('',#2734,#2192,#2193);
#1950=AXIS2_PLACEMENT_3D('',#2735,#2194,#2195);
#1951=AXIS2_PLACEMENT_3D('',#2744,#2200,#2201);
#1952=AXIS2_PLACEMENT_3D('',#2745,#2202,#2203);
#1953=AXIS2_PLACEMENT_3D('',#2766,#2213,#2214);
#1954=AXIS2_PLACEMENT_3D('',#2778,#2220,#2221);
#1955=AXIS2_PLACEMENT_3D('',#2797,#2231,#2232);
#1956=AXIS2_PLACEMENT_3D('',#2798,#2233,#2234);
#1957=AXIS2_PLACEMENT_3D('',#2803,#2236,#2237);
#1958=AXIS2_PLACEMENT_3D('',#2806,#2239,#2240);
#1959=AXIS2_PLACEMENT_3D('',#2818,#2241,#2242);
#1960=AXIS2_PLACEMENT_3D('',#2820,#2243,#2244);
#1961=AXIS2_PLACEMENT_3D('',#2822,#2245,#2246);
#1962=AXIS2_PLACEMENT_3D('',#2823,#2247,#2248);
#1963=AXIS2_PLACEMENT_3D('',#2833,#2254,#2255);
#1964=AXIS2_PLACEMENT_3D('',#2835,#2257,#2258);
#1965=AXIS2_PLACEMENT_3D('',#2839,#2260,#2261);
#1966=AXIS2_PLACEMENT_3D('',#2840,#2262,#2263);
#1967=AXIS2_PLACEMENT_3D('',#2841,#2264,#2265);
#1968=AXIS2_PLACEMENT_3D('',#2844,#2267,#2268);
#1969=AXIS2_PLACEMENT_3D('',#2848,#2270,#2271);
#1970=AXIS2_PLACEMENT_3D('',#2849,#2272,#2273);
#1971=AXIS2_PLACEMENT_3D('',#2850,#2274,#2275);
#1972=AXIS2_PLACEMENT_3D('',#2851,#2276,#2277);
#1973=AXIS2_PLACEMENT_3D('',#2862,#2283,#2284);
#1974=AXIS2_PLACEMENT_3D('',#2866,#2286,#2287);
#1975=AXIS2_PLACEMENT_3D('',#2867,#2288,#2289);
#1976=AXIS2_PLACEMENT_3D('',#2868,#2290,#2291);
#1977=AXIS2_PLACEMENT_3D('',#2873,#2295,#2296);
#1978=AXIS2_PLACEMENT_3D('',#2874,#2297,#2298);
#1979=AXIS2_PLACEMENT_3D('',#2879,#2301,#2302);
#1980=AXIS2_PLACEMENT_3D('',#2889,#2308,#2309);
#1981=AXIS2_PLACEMENT_3D('',#2899,#2315,#2316);
#1982=AXIS2_PLACEMENT_3D('',#2907,#2321,#2322);
#1983=AXIS2_PLACEMENT_3D('',#2909,#2324,#2325);
#1984=AXIS2_PLACEMENT_3D('',#2910,#2326,#2327);
#1985=AXIS2_PLACEMENT_3D('',#2914,#2329,#2330);
#1986=AXIS2_PLACEMENT_3D('',#2915,#2331,#2332);
#1987=AXIS2_PLACEMENT_3D('',#2916,#2333,#2334);
#1988=AXIS2_PLACEMENT_3D('',#2917,#2335,#2336);
#1989=AXIS2_PLACEMENT_3D('',#2921,#2339,#2340);
#1990=AXIS2_PLACEMENT_3D('',#2922,#2341,#2342);
#1991=AXIS2_PLACEMENT_3D('',#2923,#2343,#2344);
#1992=AXIS2_PLACEMENT_3D('',#2924,#2345,#2346);
#1993=AXIS2_PLACEMENT_3D('',#2925,#2347,#2348);
#1994=AXIS2_PLACEMENT_3D('',#2926,#2349,#2350);
#1995=AXIS2_PLACEMENT_3D('',#2927,#2351,#2352);
#1996=AXIS2_PLACEMENT_3D('',#2929,#2353,#2354);
#1997=AXIS2_PLACEMENT_3D('',#2930,#2355,#2356);
#1998=AXIS2_PLACEMENT_3D('',#2932,#2357,#2358);
#1999=AXIS2_PLACEMENT_3D('',#2933,#2359,#2360);
#2000=AXIS2_PLACEMENT_3D('',#2934,#2361,#2362);
#2001=AXIS2_PLACEMENT_3D('',#2935,#2363,#2364);
#2002=AXIS2_PLACEMENT_3D('',#2936,#2365,#2366);
#2003=AXIS2_PLACEMENT_3D('',#2937,#2367,#2368);
#2004=AXIS2_PLACEMENT_3D('',#2938,#2369,#2370);
#2005=AXIS2_PLACEMENT_3D('',#2940,#2372,#2373);
#2006=AXIS2_PLACEMENT_3D('',#2942,#2374,#2375);
#2007=AXIS2_PLACEMENT_3D('',#2944,#2376,#2377);
#2008=AXIS2_PLACEMENT_3D('',#2945,#2378,#2379);
#2009=AXIS2_PLACEMENT_3D('',#2946,#2380,#2381);
#2010=AXIS2_PLACEMENT_3D('',#2948,#2382,#2383);
#2011=AXIS2_PLACEMENT_3D('',#2952,#2385,#2386);
#2012=AXIS2_PLACEMENT_3D('',#2953,#2387,#2388);
#2013=AXIS2_PLACEMENT_3D('',#2956,#2390,#2391);
#2014=AXIS2_PLACEMENT_3D('',#2957,#2392,#2393);
#2015=AXIS2_PLACEMENT_3D('',#2965,#2398,#2399);
#2016=AXIS2_PLACEMENT_3D('',#2966,#2400,#2401);
#2017=AXIS2_PLACEMENT_3D('',#2974,#2406,#2407);
#2018=AXIS2_PLACEMENT_3D('',#2975,#2408,#2409);
#2019=AXIS2_PLACEMENT_3D('',#2978,#2411,#2412);
#2020=AXIS2_PLACEMENT_3D('',#2980,#2414,#2415);
#2021=AXIS2_PLACEMENT_3D('',#2982,#2417,#2418);
#2022=AXIS2_PLACEMENT_3D('',#2991,#2423,#2424);
#2023=AXIS2_PLACEMENT_3D('',#2992,#2425,#2426);
#2024=AXIS2_PLACEMENT_3D('',#2996,#2429,#2430);
#2025=AXIS2_PLACEMENT_3D('',#2999,#2433,#2434);
#2026=AXIS2_PLACEMENT_3D('',#3002,#2437,#2438);
#2027=AXIS2_PLACEMENT_3D('',#3010,#2443,#2444);
#2028=AXIS2_PLACEMENT_3D('',#3011,#2445,#2446);
#2029=AXIS2_PLACEMENT_3D('',#3014,#2448,#2449);
#2030=AXIS2_PLACEMENT_3D('',#3018,#2451,#2452);
#2031=AXIS2_PLACEMENT_3D('',#3019,#2453,#2454);
#2032=AXIS2_PLACEMENT_3D('',#3020,#2455,#2456);
#2033=AXIS2_PLACEMENT_3D('',#3022,#2457,#2458);
#2034=AXIS2_PLACEMENT_3D('',#3027,#2461,#2462);
#2035=AXIS2_PLACEMENT_3D('',#3031,#2465,#2466);
#2036=AXIS2_PLACEMENT_3D('',#3032,#2467,#2468);
#2037=AXIS2_PLACEMENT_3D('',#3037,#2470,#2471);
#2038=AXIS2_PLACEMENT_3D('',#3040,#2473,#2474);
#2039=AXIS2_PLACEMENT_3D('',#3049,#2479,#2480);
#2040=AXIS2_PLACEMENT_3D('',#3050,#2481,#2482);
#2041=AXIS2_PLACEMENT_3D('',#3052,#2483,#2484);
#2042=AXIS2_PLACEMENT_3D('',#3056,#2487,#2488);
#2043=AXIS2_PLACEMENT_3D('',#3064,#2494,#2495);
#2044=AXIS2_PLACEMENT_3D('',#3069,#2499,#2500);
#2045=AXIS2_PLACEMENT_3D('',#3071,#2502,#2503);
#2046=AXIS2_PLACEMENT_3D('',#3072,#2504,#2505);
#2047=AXIS2_PLACEMENT_3D('',#3073,#2506,#2507);
#2048=AXIS2_PLACEMENT_3D('',#3074,#2508,#2509);
#2049=AXIS2_PLACEMENT_3D('',#3076,#2511,#2512);
#2050=AXIS2_PLACEMENT_3D('',#3077,#2513,#2514);
#2051=AXIS2_PLACEMENT_3D('',#3078,#2515,#2516);
#2052=AXIS2_PLACEMENT_3D('',#3080,#2517,#2518);
#2053=AXIS2_PLACEMENT_3D('',#3082,#2519,#2520);
#2054=AXIS2_PLACEMENT_3D('',#3083,#2521,#2522);
#2055=AXIS2_PLACEMENT_3D('',#3085,#2523,#2524);
#2056=AXIS2_PLACEMENT_3D('',#3087,#2525,#2526);
#2057=AXIS2_PLACEMENT_3D('',#3088,#2527,#2528);
#2058=AXIS2_PLACEMENT_3D('',#3090,#2529,#2530);
#2059=AXIS2_PLACEMENT_3D('',#3092,#2531,#2532);
#2060=AXIS2_PLACEMENT_3D('',#3093,#2533,#2534);
#2061=AXIS2_PLACEMENT_3D('',#3095,#2535,#2536);
#2062=AXIS2_PLACEMENT_3D('',#3097,#2537,#2538);
#2063=AXIS2_PLACEMENT_3D('',#3098,#2539,#2540);
#2064=AXIS2_PLACEMENT_3D('',#3100,#2541,#2542);
#2065=AXIS2_PLACEMENT_3D('',#3102,#2543,#2544);
#2066=AXIS2_PLACEMENT_3D('',#3103,#2545,#2546);
#2067=AXIS2_PLACEMENT_3D('',#3105,#2547,#2548);
#2068=AXIS2_PLACEMENT_3D('',#3107,#2549,#2550);
#2069=AXIS2_PLACEMENT_3D('',#3108,#2551,#2552);
#2070=AXIS2_PLACEMENT_3D('',#3109,#2553,#2554);
#2071=AXIS2_PLACEMENT_3D('',#3110,#2555,#2556);
#2072=AXIS2_PLACEMENT_3D('',#3111,#2557,#2558);
#2073=AXIS2_PLACEMENT_3D('',#3112,#2559,#2560);
#2074=AXIS2_PLACEMENT_3D('',#3114,#2561,#2562);
#2075=AXIS2_PLACEMENT_3D('',#3124,#2567,#2568);
#2076=AXIS2_PLACEMENT_3D('',#3130,#2572,#2573);
#2077=AXIS2_PLACEMENT_3D('',#3131,#2574,#2575);
#2078=AXIS2_PLACEMENT_3D('',#3133,#2576,#2577);
#2079=AXIS2_PLACEMENT_3D('',#3140,#2581,#2582);
#2080=AXIS2_PLACEMENT_3D('',#3141,#2583,#2584);
#2081=AXIS2_PLACEMENT_3D('',#3145,#2586,#2587);
#2082=AXIS2_PLACEMENT_3D('',#3146,#2588,#2589);
#2083=AXIS2_PLACEMENT_3D('',#3147,#2590,#2591);
#2084=AXIS2_PLACEMENT_3D('',#3149,#2592,#2593);
#2085=AXIS2_PLACEMENT_3D('',#3156,#2597,#2598);
#2086=AXIS2_PLACEMENT_3D('',#3162,#2602,#2603);
#2087=AXIS2_PLACEMENT_3D('',#3163,#2604,#2605);
#2088=AXIS2_PLACEMENT_3D('',#3165,#2606,#2607);
#2089=AXIS2_PLACEMENT_3D('',#3172,#2611,#2612);
#2090=AXIS2_PLACEMENT_3D('',#3173,#2613,#2614);
#2091=AXIS2_PLACEMENT_3D('',#3174,#2615,#2616);
#2092=AXIS2_PLACEMENT_3D('',#3175,#2617,#2618);
#2093=AXIS2_PLACEMENT_3D('',#3176,#2619,#2620);
#2094=AXIS2_PLACEMENT_3D('',#3177,#2621,#2622);
#2095=AXIS2_PLACEMENT_3D('',#3178,#2623,#2624);
#2096=AXIS2_PLACEMENT_3D('',#3180,#2625,#2626);
#2097=AXIS2_PLACEMENT_3D('',#3181,#2627,#2628);
#2098=AXIS2_PLACEMENT_3D('',#3183,#2629,#2630);
#2099=AXIS2_PLACEMENT_3D('',#3184,#2631,#2632);
#2100=AXIS2_PLACEMENT_3D('',#3185,#2633,#2634);
#2101=AXIS2_PLACEMENT_3D('',#3187,#2635,#2636);
#2102=AXIS2_PLACEMENT_3D('',#3188,#2637,#2638);
#2103=AXIS2_PLACEMENT_3D('',#3190,#2639,#2640);
#2104=AXIS2_PLACEMENT_3D('',#3191,#2641,#2642);
#2105=AXIS2_PLACEMENT_3D('',#3192,#2643,#2644);
#2106=AXIS2_PLACEMENT_3D('',#3194,#2645,#2646);
#2107=AXIS2_PLACEMENT_3D('',#3195,#2647,#2648);
#2108=AXIS2_PLACEMENT_3D('',#3197,#2649,#2650);
#2109=AXIS2_PLACEMENT_3D('',#3198,#2651,#2652);
#2110=AXIS2_PLACEMENT_3D('',#3199,#2653,#2654);
#2111=AXIS2_PLACEMENT_3D('',#3201,#2655,#2656);
#2112=AXIS2_PLACEMENT_3D('',#3202,#2657,#2658);
#2113=AXIS2_PLACEMENT_3D('',#3204,#2659,#2660);
#2114=DIRECTION('',(0.,0.,1.));
#2115=DIRECTION('',(1.,0.,0.));
#2116=DIRECTION('',(0.,-1.,0.));
#2117=DIRECTION('',(0.,0.,-1.));
#2118=DIRECTION('',(0.,1.,0.));
#2119=DIRECTION('',(0.,0.,1.));
#2120=DIRECTION('',(-1.,0.,0.));
#2121=DIRECTION('',(0.,0.,-1.));
#2122=DIRECTION('',(-1.,0.,0.));
#2123=DIRECTION('',(0.,0.,-1.));
#2124=DIRECTION('',(0.,0.,-1.));
#2125=DIRECTION('',(-1.,0.,0.));
#2126=DIRECTION('',(0.,0.,1.));
#2127=DIRECTION('',(1.,0.,0.));
#2128=DIRECTION('',(0.,0.,-1.));
#2129=DIRECTION('',(0.,0.,1.));
#2130=DIRECTION('',(1.,0.,0.));
#2131=DIRECTION('',(0.,-1.,0.));
#2132=DIRECTION('',(0.,0.,-1.));
#2133=DIRECTION('',(0.,1.,0.));
#2134=DIRECTION('',(0.,0.,1.));
#2135=DIRECTION('',(-1.,0.,0.));
#2136=DIRECTION('',(0.,0.,-1.));
#2137=DIRECTION('',(-1.,0.,0.));
#2138=DIRECTION('',(1.,0.,0.));
#2139=DIRECTION('',(0.,0.,-1.));
#2140=DIRECTION('',(0.,-1.,0.));
#2141=DIRECTION('',(0.,0.,-1.));
#2142=DIRECTION('',(0.,-1.,0.));
#2143=DIRECTION('',(0.,-1.,0.));
#2144=DIRECTION('',(0.,0.,-1.));
#2145=DIRECTION('',(0.,1.,0.));
#2146=DIRECTION('',(0.,0.,1.));
#2147=DIRECTION('',(-1.,0.,0.));
#2148=DIRECTION('',(0.,0.,-1.));
#2149=DIRECTION('',(-1.,0.,0.));
#2150=DIRECTION('',(0.,0.,-1.));
#2151=DIRECTION('',(-1.,0.,0.));
#2152=DIRECTION('',(0.,0.,1.));
#2153=DIRECTION('',(1.,0.,0.));
#2154=DIRECTION('',(0.,0.,-1.));
#2155=DIRECTION('',(0.,0.,1.));
#2156=DIRECTION('',(1.,0.,0.));
#2157=DIRECTION('',(0.,-1.,0.));
#2158=DIRECTION('',(0.,0.,-1.));
#2159=DIRECTION('',(0.,1.,0.));
#2160=DIRECTION('',(0.,0.,1.));
#2161=DIRECTION('',(-1.,0.,0.));
#2162=DIRECTION('',(0.,0.,-1.));
#2163=DIRECTION('',(-1.,0.,0.));
#2164=DIRECTION('',(1.,0.,0.));
#2165=DIRECTION('',(0.,0.,-1.));
#2166=DIRECTION('',(0.,-1.,0.));
#2167=DIRECTION('',(0.,-1.,0.));
#2168=DIRECTION('',(0.,0.,1.));
#2169=DIRECTION('',(1.,0.,0.));
#2170=DIRECTION('',(0.,0.,1.));
#2171=DIRECTION('',(1.,0.,0.));
#2172=DIRECTION('',(0.,1.,0.));
#2173=DIRECTION('',(0.,0.,1.));
#2174=DIRECTION('',(0.,1.,0.));
#2175=DIRECTION('',(0.,0.,1.));
#2176=DIRECTION('',(0.,-1.,0.));
#2177=DIRECTION('',(0.,0.,-1.));
#2178=DIRECTION('',(0.,1.,0.));
#2179=DIRECTION('',(0.,0.,1.));
#2180=DIRECTION('',(0.,1.,0.));
#2181=DIRECTION('',(0.,0.,1.));
#2182=DIRECTION('',(0.,1.,0.));
#2183=DIRECTION('',(0.,0.,1.));
#2184=DIRECTION('',(0.,1.,0.));
#2185=DIRECTION('',(0.,0.,1.));
#2186=DIRECTION('',(0.,-1.,0.));
#2187=DIRECTION('',(0.,0.,-1.));
#2188=DIRECTION('',(0.,1.,0.));
#2189=DIRECTION('',(0.,0.,1.));
#2190=DIRECTION('',(0.,1.,0.));
#2191=DIRECTION('',(0.,0.,1.));
#2192=DIRECTION('',(0.,0.,1.));
#2193=DIRECTION('',(1.,0.,0.));
#2194=DIRECTION('',(-1.,0.,0.));
#2195=DIRECTION('',(0.,0.,1.));
#2196=DIRECTION('',(0.,4.33680868994202E-16,-1.));
#2197=DIRECTION('',(0.,-1.,0.));
#2198=DIRECTION('',(0.,0.,-1.));
#2199=DIRECTION('',(0.,-1.,0.));
#2200=DIRECTION('',(0.,-1.,0.));
#2201=DIRECTION('',(1.,0.,0.));
#2202=DIRECTION('',(0.,1.,0.));
#2203=DIRECTION('',(0.,0.,1.));
#2204=DIRECTION('',(0.,0.,1.));
#2205=DIRECTION('',(-1.,0.,0.));
#2206=DIRECTION('',(-1.,0.,0.));
#2207=DIRECTION('',(0.,0.,-1.));
#2208=DIRECTION('',(-1.,0.,0.));
#2209=DIRECTION('',(-1.,0.,0.));
#2210=DIRECTION('',(0.,0.,1.));
#2211=DIRECTION('',(-1.,0.,0.));
#2212=DIRECTION('',(-1.,0.,0.));
#2213=DIRECTION('',(0.,-1.,0.));
#2214=DIRECTION('',(0.,0.,-1.));
#2215=DIRECTION('',(-1.,0.,0.));
#2216=DIRECTION('',(0.,0.,-1.));
#2217=DIRECTION('',(-1.,0.,0.));
#2218=DIRECTION('',(0.,0.,-1.));
#2219=DIRECTION('',(1.,0.,4.50577526227742E-16));
#2220=DIRECTION('',(0.,1.,0.));
#2221=DIRECTION('',(0.,0.,1.));
#2222=DIRECTION('',(0.,0.,-1.));
#2223=DIRECTION('',(-1.,0.,0.));
#2224=DIRECTION('',(1.27319154200133E-16,0.,-1.));
#2225=DIRECTION('',(-1.,0.,0.));
#2226=DIRECTION('',(0.,0.,-1.));
#2227=DIRECTION('',(1.,0.,0.));
#2228=DIRECTION('',(0.,0.,-1.));
#2229=DIRECTION('',(-1.,0.,0.));
#2230=DIRECTION('',(-1.,0.,0.));
#2231=DIRECTION('',(1.,0.,0.));
#2232=DIRECTION('',(0.,0.,-1.));
#2233=DIRECTION('',(-1.,0.,0.));
#2234=DIRECTION('',(0.,0.,1.));
#2235=DIRECTION('',(1.,0.,0.));
#2236=DIRECTION('',(1.,0.,0.));
#2237=DIRECTION('',(0.,0.,-1.));
#2238=DIRECTION('',(1.,0.,0.));
#2239=DIRECTION('',(0.,0.,1.));
#2240=DIRECTION('',(1.,0.,0.));
#2241=DIRECTION('',(0.,0.,1.));
#2242=DIRECTION('',(1.,0.,0.));
#2243=DIRECTION('',(0.,-1.,0.));
#2244=DIRECTION('',(0.,0.,-1.));
#2245=DIRECTION('',(0.,0.,1.));
#2246=DIRECTION('',(1.,0.,0.));
#2247=DIRECTION('',(-1.,0.,0.));
#2248=DIRECTION('',(0.,-1.,0.));
#2249=DIRECTION('',(0.,0.,-1.));
#2250=DIRECTION('',(0.,-1.,0.));
#2251=DIRECTION('',(0.,-1.,0.));
#2252=DIRECTION('',(0.,-2.08166817117217E-16,1.));
#2253=DIRECTION('',(0.,0.,1.));
#2254=DIRECTION('',(-1.,0.,0.));
#2255=DIRECTION('',(0.,0.,1.));
#2256=DIRECTION('',(0.,-1.,0.));
#2257=DIRECTION('',(0.,0.,-1.));
#2258=DIRECTION('',(-1.,0.,0.));
#2259=DIRECTION('',(0.,0.,-1.));
#2260=DIRECTION('',(0.,0.,1.));
#2261=DIRECTION('',(1.,0.,0.));
#2262=DIRECTION('',(0.,0.,1.));
#2263=DIRECTION('',(1.,0.,0.));
#2264=DIRECTION('',(0.,0.,-1.));
#2265=DIRECTION('',(-1.,0.,0.));
#2266=DIRECTION('',(0.,0.,-1.));
#2267=DIRECTION('',(0.,0.,1.));
#2268=DIRECTION('',(1.,0.,0.));
#2269=DIRECTION('',(0.,0.,-1.));
#2270=DIRECTION('',(0.,0.,1.));
#2271=DIRECTION('',(1.,0.,0.));
#2272=DIRECTION('',(0.,0.,1.));
#2273=DIRECTION('',(1.,0.,0.));
#2274=DIRECTION('',(1.,0.,1.27319154200133E-16));
#2275=DIRECTION('',(1.27319154200133E-16,0.,-1.));
#2276=DIRECTION('',(-1.,0.,-1.27319154200133E-16));
#2277=DIRECTION('',(-1.27319154200133E-16,0.,1.));
#2278=DIRECTION('',(1.27319154200133E-16,0.,-1.));
#2279=DIRECTION('',(0.,-1.,0.));
#2280=DIRECTION('',(0.,1.,0.));
#2281=DIRECTION('',(1.27319154200133E-16,0.,-1.));
#2282=DIRECTION('',(0.,1.,0.));
#2283=DIRECTION('',(0.,1.,0.));
#2284=DIRECTION('',(0.,0.,1.));
#2285=DIRECTION('',(0.,1.,0.));
#2286=DIRECTION('',(0.,-1.,0.));
#2287=DIRECTION('',(0.,0.,-1.));
#2288=DIRECTION('',(0.,-1.,0.));
#2289=DIRECTION('',(0.,0.,-1.));
#2290=DIRECTION('',(0.,0.,1.));
#2291=DIRECTION('',(1.,0.,0.));
#2292=DIRECTION('',(0.,-1.,0.));
#2293=DIRECTION('',(1.,0.,0.));
#2294=DIRECTION('',(1.,0.,0.));
#2295=DIRECTION('',(0.,0.,-1.));
#2296=DIRECTION('',(-1.,0.,0.));
#2297=DIRECTION('',(0.,0.,-1.));
#2298=DIRECTION('',(-1.,0.,0.));
#2299=DIRECTION('',(-1.,0.,0.));
#2300=DIRECTION('',(0.,1.,0.));
#2301=DIRECTION('',(-4.50577526227742E-16,0.,1.));
#2302=DIRECTION('',(1.,0.,4.50577526227742E-16));
#2303=DIRECTION('',(1.,0.,4.50577526227742E-16));
#2304=DIRECTION('',(0.,1.,0.));
#2305=DIRECTION('',(1.,0.,4.50577526227742E-16));
#2306=DIRECTION('',(0.,1.,0.));
#2307=DIRECTION('',(0.,1.,0.));
#2308=DIRECTION('',(1.,0.,0.));
#2309=DIRECTION('',(0.,0.,-1.));
#2310=DIRECTION('',(0.,0.,-1.));
#2311=DIRECTION('',(0.,1.,0.));
#2312=DIRECTION('',(0.,0.,-1.));
#2313=DIRECTION('',(0.,1.,0.));
#2314=DIRECTION('',(0.,1.,0.));
#2315=DIRECTION('',(1.,0.,0.));
#2316=DIRECTION('',(0.,0.,-1.));
#2317=DIRECTION('',(0.,-1.,0.));
#2318=DIRECTION('',(0.,0.,-1.));
#2319=DIRECTION('',(0.,1.,0.));
#2320=DIRECTION('',(0.,0.,-1.));
#2321=DIRECTION('',(0.,0.,-1.));
#2322=DIRECTION('',(-1.,0.,0.));
#2323=DIRECTION('',(-1.,0.,0.));
#2324=DIRECTION('',(0.,-1.,0.));
#2325=DIRECTION('',(1.,0.,0.));
#2326=DIRECTION('',(0.,-1.,0.));
#2327=DIRECTION('',(0.,0.,-1.));
#2328=DIRECTION('',(0.,0.,1.));
#2329=DIRECTION('',(0.,-1.,0.));
#2330=DIRECTION('',(0.,0.,-1.));
#2331=DIRECTION('',(0.,-1.,0.));
#2332=DIRECTION('',(0.,0.,-1.));
#2333=DIRECTION('',(0.,-1.,0.));
#2334=DIRECTION('',(0.,0.,-1.));
#2335=DIRECTION('',(0.,1.,0.));
#2336=DIRECTION('',(0.,0.,1.));
#2337=DIRECTION('',(0.,0.,1.));
#2338=DIRECTION('',(1.,0.,0.));
#2339=DIRECTION('',(0.,1.,0.));
#2340=DIRECTION('',(0.,0.,1.));
#2341=DIRECTION('',(0.,1.,0.));
#2342=DIRECTION('',(0.,0.,1.));
#2343=DIRECTION('',(0.,-1.,0.));
#2344=DIRECTION('',(0.,0.,-1.));
#2345=DIRECTION('',(0.,1.,0.));
#2346=DIRECTION('',(0.,0.,1.));
#2347=DIRECTION('',(0.,1.,0.));
#2348=DIRECTION('',(0.,0.,1.));
#2349=DIRECTION('',(0.,1.,0.));
#2350=DIRECTION('',(0.,0.,1.));
#2351=DIRECTION('',(0.,1.,0.));
#2352=DIRECTION('',(0.,0.,1.));
#2353=DIRECTION('',(0.,-1.,0.));
#2354=DIRECTION('',(0.,0.,-1.));
#2355=DIRECTION('',(0.,1.,0.));
#2356=DIRECTION('',(0.,0.,1.));
#2357=DIRECTION('',(0.,1.,0.));
#2358=DIRECTION('',(0.,0.,1.));
#2359=DIRECTION('',(0.,0.,-1.));
#2360=DIRECTION('',(-1.,0.,0.));
#2361=DIRECTION('',(0.,0.,-1.));
#2362=DIRECTION('',(-1.,0.,0.));
#2363=DIRECTION('',(0.,0.,-1.));
#2364=DIRECTION('',(-1.,0.,0.));
#2365=DIRECTION('',(1.,0.,0.));
#2366=DIRECTION('',(0.,0.,-1.));
#2367=DIRECTION('',(1.,0.,0.));
#2368=DIRECTION('',(0.,0.,-1.));
#2369=DIRECTION('',(0.,1.,0.));
#2370=DIRECTION('',(0.,0.,1.));
#2371=DIRECTION('',(0.,1.,0.));
#2372=DIRECTION('',(1.,0.,1.27319154200133E-16));
#2373=DIRECTION('',(1.27319154200133E-16,0.,-1.));
#2374=DIRECTION('',(-1.,0.,-1.27319154200133E-16));
#2375=DIRECTION('',(-1.27319154200133E-16,0.,1.));
#2376=DIRECTION('',(-1.,0.,-1.27319154200133E-16));
#2377=DIRECTION('',(-1.27319154200133E-16,0.,1.));
#2378=DIRECTION('',(0.,0.,-1.));
#2379=DIRECTION('',(-1.,0.,0.));
#2380=DIRECTION('',(0.,0.,1.));
#2381=DIRECTION('',(1.,0.,0.));
#2382=DIRECTION('',(0.,0.,1.));
#2383=DIRECTION('',(1.,0.,0.));
#2384=DIRECTION('',(0.,0.,-1.));
#2385=DIRECTION('',(0.,0.,1.));
#2386=DIRECTION('',(1.,0.,0.));
#2387=DIRECTION('',(0.,0.,1.));
#2388=DIRECTION('',(1.,0.,0.));
#2389=DIRECTION('',(0.,0.,-1.));
#2390=DIRECTION('',(0.,0.,1.));
#2391=DIRECTION('',(1.,0.,0.));
#2392=DIRECTION('',(0.,0.,1.));
#2393=DIRECTION('',(1.,0.,0.));
#2394=DIRECTION('',(-1.,0.,0.));
#2395=DIRECTION('',(0.,-1.,0.));
#2396=DIRECTION('',(-1.,0.,0.));
#2397=DIRECTION('',(0.,-1.,0.));
#2398=DIRECTION('',(0.,0.,1.));
#2399=DIRECTION('',(1.,0.,0.));
#2400=DIRECTION('',(0.,0.,1.));
#2401=DIRECTION('',(1.,0.,0.));
#2402=DIRECTION('',(0.,-1.,0.));
#2403=DIRECTION('',(-1.,0.,0.));
#2404=DIRECTION('',(0.,-1.,0.));
#2405=DIRECTION('',(-1.,0.,0.));
#2406=DIRECTION('',(0.,-1.,0.));
#2407=DIRECTION('',(0.,0.,-1.));
#2408=DIRECTION('',(0.,1.,0.));
#2409=DIRECTION('',(0.,0.,1.));
#2410=DIRECTION('',(0.,0.,-1.));
#2411=DIRECTION('',(1.,0.,0.));
#2412=DIRECTION('',(0.,0.,-1.));
#2413=DIRECTION('',(0.,0.,-1.));
#2414=DIRECTION('',(0.,0.,-1.));
#2415=DIRECTION('',(-1.,0.,0.));
#2416=DIRECTION('',(0.,0.,-1.));
#2417=DIRECTION('',(1.,0.,0.));
#2418=DIRECTION('',(0.,0.,-1.));
#2419=DIRECTION('',(0.,-1.,0.));
#2420=DIRECTION('',(0.,0.,-1.));
#2421=DIRECTION('',(0.,-1.,0.));
#2422=DIRECTION('',(0.,0.,-1.));
#2423=DIRECTION('',(0.,-1.,0.));
#2424=DIRECTION('',(0.,0.,-1.));
#2425=DIRECTION('',(0.,1.,0.));
#2426=DIRECTION('',(0.,0.,1.));
#2427=DIRECTION('',(-1.,0.,0.));
#2428=DIRECTION('',(-1.,0.,0.));
#2429=DIRECTION('',(0.,0.,1.));
#2430=DIRECTION('',(1.,0.,0.));
#2431=DIRECTION('',(-1.,0.,0.));
#2432=DIRECTION('',(-1.,0.,0.));
#2433=DIRECTION('',(0.,0.,1.));
#2434=DIRECTION('',(1.,0.,0.));
#2435=DIRECTION('',(-1.,0.,0.));
#2436=DIRECTION('',(-1.,0.,0.));
#2437=DIRECTION('',(0.,0.,1.));
#2438=DIRECTION('',(1.,0.,0.));
#2439=DIRECTION('',(0.,-1.,0.));
#2440=DIRECTION('',(-1.,0.,0.));
#2441=DIRECTION('',(0.,-1.,0.));
#2442=DIRECTION('',(-1.,0.,0.));
#2443=DIRECTION('',(0.,0.,1.));
#2444=DIRECTION('',(1.,0.,0.));
#2445=DIRECTION('',(0.,0.,-1.));
#2446=DIRECTION('',(-1.,0.,0.));
#2447=DIRECTION('',(0.,0.,-1.));
#2448=DIRECTION('',(0.,0.,1.));
#2449=DIRECTION('',(1.,0.,0.));
#2450=DIRECTION('',(0.,0.,-1.));
#2451=DIRECTION('',(0.,0.,1.));
#2452=DIRECTION('',(1.,0.,0.));
#2453=DIRECTION('',(0.,-1.,0.));
#2454=DIRECTION('',(0.,0.,-1.));
#2455=DIRECTION('',(0.,1.,0.));
#2456=DIRECTION('',(0.,0.,1.));
#2457=DIRECTION('',(0.,1.,0.));
#2458=DIRECTION('',(0.,0.,1.));
#2459=DIRECTION('',(0.,0.,-1.));
#2460=DIRECTION('',(-1.,0.,0.));
#2461=DIRECTION('',(1.,0.,0.));
#2462=DIRECTION('',(0.,0.,-1.));
#2463=DIRECTION('',(0.,0.,-1.));
#2464=DIRECTION('',(0.,-1.,0.));
#2465=DIRECTION('',(0.,0.,-1.));
#2466=DIRECTION('',(-1.,0.,0.));
#2467=DIRECTION('',(0.,0.,1.));
#2468=DIRECTION('',(1.,0.,0.));
#2469=DIRECTION('',(0.,0.,-1.));
#2470=DIRECTION('',(0.,0.,1.));
#2471=DIRECTION('',(1.,0.,0.));
#2472=DIRECTION('',(0.,0.,-1.));
#2473=DIRECTION('',(1.,0.,0.));
#2474=DIRECTION('',(0.,0.,-1.));
#2475=DIRECTION('',(0.,-1.,0.));
#2476=DIRECTION('',(0.,0.,-1.));
#2477=DIRECTION('',(0.,-1.,0.));
#2478=DIRECTION('',(0.,0.,-1.));
#2479=DIRECTION('',(0.,-1.,0.));
#2480=DIRECTION('',(0.,0.,-1.));
#2481=DIRECTION('',(0.,1.,0.));
#2482=DIRECTION('',(0.,0.,1.));
#2483=DIRECTION('',(0.,1.,0.));
#2484=DIRECTION('',(0.,0.,1.));
#2485=DIRECTION('',(-1.,0.,0.));
#2486=DIRECTION('',(-1.,0.,0.));
#2487=DIRECTION('',(0.,0.,1.));
#2488=DIRECTION('',(1.,0.,0.));
#2489=DIRECTION('',(0.,-1.,0.));
#2490=DIRECTION('',(-1.,0.,0.));
#2491=DIRECTION('',(-1.,0.,0.));
#2492=DIRECTION('',(-1.,0.,0.));
#2493=DIRECTION('',(0.,-1.,0.));
#2494=DIRECTION('',(0.,0.,1.));
#2495=DIRECTION('',(1.,0.,0.));
#2496=DIRECTION('',(-1.,0.,0.));
#2497=DIRECTION('',(0.,-1.,0.));
#2498=DIRECTION('',(-1.,0.,0.));
#2499=DIRECTION('',(-1.,0.,0.));
#2500=DIRECTION('',(0.,0.,1.));
#2501=DIRECTION('',(0.,0.,-1.));
#2502=DIRECTION('',(0.,-1.,0.));
#2503=DIRECTION('',(0.,0.,-1.));
#2504=DIRECTION('',(-1.,0.,0.));
#2505=DIRECTION('',(0.,0.,1.));
#2506=DIRECTION('',(0.,-1.,0.));
#2507=DIRECTION('',(0.,0.,-1.));
#2508=DIRECTION('',(-1.,0.,0.));
#2509=DIRECTION('',(0.,0.,1.));
#2510=DIRECTION('',(0.,-2.08166817117217E-16,1.));
#2511=DIRECTION('',(0.,-1.,0.));
#2512=DIRECTION('',(0.,0.,-1.));
#2513=DIRECTION('',(0.,-1.,0.));
#2514=DIRECTION('',(0.,0.,-1.));
#2515=DIRECTION('',(0.,-1.,0.));
#2516=DIRECTION('',(0.,0.,-1.));
#2517=DIRECTION('',(0.,1.,0.));
#2518=DIRECTION('',(0.,0.,1.));
#2519=DIRECTION('',(0.,1.,0.));
#2520=DIRECTION('',(0.,0.,1.));
#2521=DIRECTION('',(0.,-1.,0.));
#2522=DIRECTION('',(0.,0.,-1.));
#2523=DIRECTION('',(0.,1.,0.));
#2524=DIRECTION('',(0.,0.,1.));
#2525=DIRECTION('',(0.,1.,0.));
#2526=DIRECTION('',(0.,0.,1.));
#2527=DIRECTION('',(0.,-1.,0.));
#2528=DIRECTION('',(0.,0.,-1.));
#2529=DIRECTION('',(0.,1.,0.));
#2530=DIRECTION('',(0.,0.,1.));
#2531=DIRECTION('',(0.,1.,0.));
#2532=DIRECTION('',(0.,0.,1.));
#2533=DIRECTION('',(0.,-1.,0.));
#2534=DIRECTION('',(0.,0.,-1.));
#2535=DIRECTION('',(0.,1.,0.));
#2536=DIRECTION('',(0.,0.,1.));
#2537=DIRECTION('',(0.,1.,0.));
#2538=DIRECTION('',(0.,0.,1.));
#2539=DIRECTION('',(0.,-1.,0.));
#2540=DIRECTION('',(0.,0.,-1.));
#2541=DIRECTION('',(0.,1.,0.));
#2542=DIRECTION('',(0.,0.,1.));
#2543=DIRECTION('',(0.,1.,0.));
#2544=DIRECTION('',(0.,0.,1.));
#2545=DIRECTION('',(0.,-1.,0.));
#2546=DIRECTION('',(0.,0.,-1.));
#2547=DIRECTION('',(0.,1.,0.));
#2548=DIRECTION('',(0.,0.,1.));
#2549=DIRECTION('',(0.,1.,0.));
#2550=DIRECTION('',(0.,0.,1.));
#2551=DIRECTION('',(0.,-1.,-2.08166817117217E-16));
#2552=DIRECTION('',(0.,2.08166817117217E-16,-1.));
#2553=DIRECTION('',(0.,1.,4.33680868994202E-16));
#2554=DIRECTION('',(0.,-4.33680868994202E-16,1.));
#2555=DIRECTION('',(0.,0.,1.));
#2556=DIRECTION('',(1.,0.,0.));
#2557=DIRECTION('',(0.,-1.,0.));
#2558=DIRECTION('',(0.,0.,-1.));
#2559=DIRECTION('',(0.,1.,0.));
#2560=DIRECTION('',(0.,0.,1.));
#2561=DIRECTION('',(0.,1.,0.));
#2562=DIRECTION('',(0.,0.,1.));
#2563=DIRECTION('',(-1.,0.,0.));
#2564=DIRECTION('',(0.,0.,-1.));
#2565=DIRECTION('',(-1.,0.,0.));
#2566=DIRECTION('',(0.,0.,-1.));
#2567=DIRECTION('',(1.,0.,0.));
#2568=DIRECTION('',(0.,0.,-1.));
#2569=DIRECTION('',(0.,-1.,0.));
#2570=DIRECTION('',(0.,0.,-1.));
#2571=DIRECTION('',(0.,-1.,0.));
#2572=DIRECTION('',(0.,-1.,0.));
#2573=DIRECTION('',(0.,0.,-1.));
#2574=DIRECTION('',(0.,1.,0.));
#2575=DIRECTION('',(0.,0.,1.));
#2576=DIRECTION('',(0.,1.,0.));
#2577=DIRECTION('',(0.,0.,1.));
#2578=DIRECTION('',(-1.,0.,0.));
#2579=DIRECTION('',(0.,0.,-1.));
#2580=DIRECTION('',(-1.,0.,0.));
#2581=DIRECTION('',(0.,0.,-1.));
#2582=DIRECTION('',(-1.,0.,0.));
#2583=DIRECTION('',(0.,0.,1.));
#2584=DIRECTION('',(1.,0.,0.));
#2585=DIRECTION('',(0.,0.,-1.));
#2586=DIRECTION('',(0.,0.,1.));
#2587=DIRECTION('',(1.,0.,0.));
#2588=DIRECTION('',(0.,-1.,0.));
#2589=DIRECTION('',(0.,0.,-1.));
#2590=DIRECTION('',(0.,1.,0.));
#2591=DIRECTION('',(0.,0.,1.));
#2592=DIRECTION('',(0.,1.,0.));
#2593=DIRECTION('',(0.,0.,1.));
#2594=DIRECTION('',(-1.,0.,0.));
#2595=DIRECTION('',(0.,0.,-1.));
#2596=DIRECTION('',(-1.,0.,0.));
#2597=DIRECTION('',(1.,0.,0.));
#2598=DIRECTION('',(0.,0.,-1.));
#2599=DIRECTION('',(0.,-1.,0.));
#2600=DIRECTION('',(0.,0.,-1.));
#2601=DIRECTION('',(0.,-1.,0.));
#2602=DIRECTION('',(0.,-1.,0.));
#2603=DIRECTION('',(0.,0.,-1.));
#2604=DIRECTION('',(0.,1.,0.));
#2605=DIRECTION('',(0.,0.,1.));
#2606=DIRECTION('',(0.,1.,0.));
#2607=DIRECTION('',(0.,0.,1.));
#2608=DIRECTION('',(-1.,0.,0.));
#2609=DIRECTION('',(0.,0.,-1.));
#2610=DIRECTION('',(-1.,0.,0.));
#2611=DIRECTION('',(0.,0.,-1.));
#2612=DIRECTION('',(-1.,0.,0.));
#2613=DIRECTION('',(0.,0.,1.));
#2614=DIRECTION('',(1.,0.,0.));
#2615=DIRECTION('',(0.,0.,1.));
#2616=DIRECTION('',(1.,0.,0.));
#2617=DIRECTION('',(0.,0.,1.));
#2618=DIRECTION('',(1.,0.,0.));
#2619=DIRECTION('',(0.,0.,1.));
#2620=DIRECTION('',(1.,0.,0.));
#2621=DIRECTION('',(0.,1.,0.));
#2622=DIRECTION('',(0.,0.,1.));
#2623=DIRECTION('',(0.,1.,0.));
#2624=DIRECTION('',(0.,0.,1.));
#2625=DIRECTION('',(0.,-1.,0.));
#2626=DIRECTION('',(0.,0.,-1.));
#2627=DIRECTION('',(0.,1.,0.));
#2628=DIRECTION('',(0.,0.,1.));
#2629=DIRECTION('',(0.,1.,0.));
#2630=DIRECTION('',(0.,0.,1.));
#2631=DIRECTION('',(0.,1.,0.));
#2632=DIRECTION('',(0.,0.,1.));
#2633=DIRECTION('',(0.,1.,0.));
#2634=DIRECTION('',(0.,0.,1.));
#2635=DIRECTION('',(0.,-1.,0.));
#2636=DIRECTION('',(0.,0.,-1.));
#2637=DIRECTION('',(0.,1.,0.));
#2638=DIRECTION('',(0.,0.,1.));
#2639=DIRECTION('',(0.,1.,0.));
#2640=DIRECTION('',(0.,0.,1.));
#2641=DIRECTION('',(0.,1.,0.));
#2642=DIRECTION('',(0.,0.,1.));
#2643=DIRECTION('',(0.,1.,0.));
#2644=DIRECTION('',(0.,0.,1.));
#2645=DIRECTION('',(0.,-1.,0.));
#2646=DIRECTION('',(0.,0.,-1.));
#2647=DIRECTION('',(0.,1.,0.));
#2648=DIRECTION('',(0.,0.,1.));
#2649=DIRECTION('',(0.,1.,0.));
#2650=DIRECTION('',(0.,0.,1.));
#2651=DIRECTION('',(0.,1.,0.));
#2652=DIRECTION('',(0.,0.,1.));
#2653=DIRECTION('',(0.,1.,0.));
#2654=DIRECTION('',(0.,0.,1.));
#2655=DIRECTION('',(0.,-1.,0.));
#2656=DIRECTION('',(0.,0.,-1.));
#2657=DIRECTION('',(0.,1.,0.));
#2658=DIRECTION('',(0.,0.,1.));
#2659=DIRECTION('',(0.,1.,0.));
#2660=DIRECTION('',(0.,0.,1.));
#2661=CARTESIAN_POINT('',(0.,0.,0.));
#2662=CARTESIAN_POINT('',(-0.0234017542509913,-0.058,0.013));
#2663=CARTESIAN_POINT('',(-0.028,-0.058,0.009));
#2664=CARTESIAN_POINT('',(-0.028,-0.058,0.01225));
#2665=CARTESIAN_POINT('',(-0.0234017542509913,-0.058,0.005));
#2666=CARTESIAN_POINT('',(-0.0148035085019827,-0.058,0.005));
#2667=CARTESIAN_POINT('',(-0.032,-0.058,0.005));
#2668=CARTESIAN_POINT('',(-0.0148035085019827,-0.058,0.013));
#2669=CARTESIAN_POINT('',(-0.0148035085019827,-0.058,0.013));
#2670=CARTESIAN_POINT('',(-0.0234017542509913,-0.058,0.013));
#2671=CARTESIAN_POINT('',(-0.032,-0.058,0.013));
#2672=CARTESIAN_POINT('',(-0.032,-0.058,0.013));
#2673=CARTESIAN_POINT('',(0.008,-0.037,0.013));
#2674=CARTESIAN_POINT('',(0.008,-0.037,0.005));
#2675=CARTESIAN_POINT('',(0.0308035085019827,-0.058,0.005));
#2676=CARTESIAN_POINT('',(0.0308035085019827,-0.058,0.013));
#2677=CARTESIAN_POINT('',(0.0308035085019827,-0.058,0.013));
#2678=CARTESIAN_POINT('',(0.008,-0.037,0.013));
#2679=CARTESIAN_POINT('',(0.0394017542509913,-0.058,0.013));
#2680=CARTESIAN_POINT('',(0.044,-0.058,0.009));
#2681=CARTESIAN_POINT('',(0.044,-0.058,0.01225));
#2682=CARTESIAN_POINT('',(0.0394017542509913,-0.058,0.005));
#2683=CARTESIAN_POINT('',(0.048,-0.058,0.005));
#2684=CARTESIAN_POINT('',(0.048,-0.058,0.013));
#2685=CARTESIAN_POINT('',(0.048,-0.058,0.013));
#2686=CARTESIAN_POINT('',(0.0394017542509913,-0.058,0.013));
#2687=CARTESIAN_POINT('',(0.048,-0.056,0.013));
#2688=CARTESIAN_POINT('',(0.048,-0.056,0.005));
#2689=CARTESIAN_POINT('',(0.048,-0.054,0.005));
#2690=CARTESIAN_POINT('',(0.048,-0.054,0.013));
#2691=CARTESIAN_POINT('',(0.048,-0.054,0.013));
#2692=CARTESIAN_POINT('',(0.048,-0.056,0.013));
#2693=CARTESIAN_POINT('',(0.0314495698785171,-0.054,0.013));
#2694=CARTESIAN_POINT('',(0.044,-0.054,0.009));
#2695=CARTESIAN_POINT('',(0.044,-0.054,0.0106));
#2696=CARTESIAN_POINT('',(0.0314495698785171,-0.054,0.005));
#2697=CARTESIAN_POINT('',(0.0289761769634029,-0.054,0.005));
#2698=CARTESIAN_POINT('',(0.0289761769634029,-0.054,0.013));
#2699=CARTESIAN_POINT('',(0.0289761769634029,-0.054,0.013));
#2700=CARTESIAN_POINT('',(0.0314495698785171,-0.054,0.013));
#2701=CARTESIAN_POINT('',(0.00800000000000047,-0.037,0.013));
#2702=CARTESIAN_POINT('',(0.00800000000000047,-0.037,0.005));
#2703=CARTESIAN_POINT('',(-0.0129761769634029,-0.054,0.005));
#2704=CARTESIAN_POINT('',(-0.0129761769634029,-0.054,0.013));
#2705=CARTESIAN_POINT('',(-0.0129761769634029,-0.054,0.013));
#2706=CARTESIAN_POINT('',(0.00800000000000047,-0.037,0.013));
#2707=CARTESIAN_POINT('',(-0.0154495698785171,-0.054,0.013));
#2708=CARTESIAN_POINT('',(-0.028,-0.054,0.009));
#2709=CARTESIAN_POINT('',(-0.028,-0.054,0.0106));
#2710=CARTESIAN_POINT('',(-0.0154495698785171,-0.054,0.005));
#2711=CARTESIAN_POINT('',(-0.032,-0.054,0.005));
#2712=CARTESIAN_POINT('',(-0.032,-0.054,0.013));
#2713=CARTESIAN_POINT('',(-0.032,-0.054,0.013));
#2714=CARTESIAN_POINT('',(-0.0154495698785171,-0.054,0.013));
#2715=CARTESIAN_POINT('',(-0.032,-0.056,0.013));
#2716=CARTESIAN_POINT('',(-0.032,-0.056,0.005));
#2717=CARTESIAN_POINT('',(-0.032,-0.056,0.013));
#2718=CARTESIAN_POINT('',(0.008,-0.037,0.013));
#2719=CARTESIAN_POINT('',(0.008,-0.037,0.005));
#2720=CARTESIAN_POINT('',(-0.028,-0.058,0.009));
#2721=CARTESIAN_POINT('',(-0.028,-0.057,0.009));
#2722=CARTESIAN_POINT('',(-0.028,-0.057,0.0106));
#2723=CARTESIAN_POINT('',(-0.02475,-0.057,0.009));
#2724=CARTESIAN_POINT('',(-0.028,-0.057,0.009));
#2725=CARTESIAN_POINT('',(-0.028,-0.057,0.01225));
#2726=CARTESIAN_POINT('',(-0.028,-0.058,0.009));
#2727=CARTESIAN_POINT('',(0.044,-0.058,0.009));
#2728=CARTESIAN_POINT('',(0.044,-0.057,0.009));
#2729=CARTESIAN_POINT('',(0.044,-0.057,0.0106));
#2730=CARTESIAN_POINT('',(0.04725,-0.057,0.009));
#2731=CARTESIAN_POINT('',(0.044,-0.057,0.009));
#2732=CARTESIAN_POINT('',(0.044,-0.057,0.01225));
#2733=CARTESIAN_POINT('',(0.044,-0.058,0.009));
#2734=CARTESIAN_POINT('',(0.,0.,0.));
#2735=CARTESIAN_POINT('',(-0.0148035085019827,-0.008,0.013));
#2736=CARTESIAN_POINT('',(-0.0148035085019827,-0.011,0.009));
#2737=CARTESIAN_POINT('',(-0.0148035085019827,-0.011,0.013));
#2738=CARTESIAN_POINT('',(-0.0148035085019827,-0.011,0.005));
#2739=CARTESIAN_POINT('',(-0.0148035085019827,-0.008,0.013));
#2740=CARTESIAN_POINT('',(-0.0148035085019827,-0.016,0.013));
#2741=CARTESIAN_POINT('',(-0.0148035085019827,-0.016,0.013));
#2742=CARTESIAN_POINT('',(-0.0148035085019827,-0.016,0.005));
#2743=CARTESIAN_POINT('',(-0.0148035085019827,-0.008,0.005));
#2744=CARTESIAN_POINT('',(0.0183,-0.01,0.04415));
#2745=CARTESIAN_POINT('',(0.0062,-0.01,0.0239));
#2746=CARTESIAN_POINT('',(0.0062,-0.01,0.02715));
#2747=CARTESIAN_POINT('',(-0.008,-0.01,0.04415));
#2748=CARTESIAN_POINT('',(-0.008,-0.01,0.013));
#2749=CARTESIAN_POINT('',(-0.008,-0.01,0.07));
#2750=CARTESIAN_POINT('',(0.0183,-0.01,0.013));
#2751=CARTESIAN_POINT('',(0.008,-0.01,0.013));
#2752=CARTESIAN_POINT('',(0.0183,-0.01,0.013));
#2753=CARTESIAN_POINT('',(0.0232315462117278,-0.01,0.013));
#2754=CARTESIAN_POINT('',(0.0232315462117278,-0.01,0.013));
#2755=CARTESIAN_POINT('',(0.0232315462117278,-0.01,0.005));
#2756=CARTESIAN_POINT('',(0.0183,-0.01,0.005));
#2757=CARTESIAN_POINT('',(0.008,-0.01,0.005));
#2758=CARTESIAN_POINT('',(0.0183,-0.01,0.005));
#2759=CARTESIAN_POINT('',(-0.008,-0.01,0.005));
#2760=CARTESIAN_POINT('',(-0.008,-0.01,0.04415));
#2761=CARTESIAN_POINT('',(-0.008,-0.01,0.));
#2762=CARTESIAN_POINT('',(0.0183,-0.01,0.));
#2763=CARTESIAN_POINT('',(-0.005,-0.01,0.));
#2764=CARTESIAN_POINT('',(0.0183,-0.01,0.));
#2765=CARTESIAN_POINT('',(0.0316,-0.01,0.));
#2766=CARTESIAN_POINT('',(0.0316,-0.01,0.005));
#2767=CARTESIAN_POINT('',(0.0366,-0.01,0.005));
#2768=CARTESIAN_POINT('',(0.0183,-0.01,0.005));
#2769=CARTESIAN_POINT('',(0.0308035085019828,-0.01,0.005));
#2770=CARTESIAN_POINT('',(0.0308035085019828,-0.01,0.04415));
#2771=CARTESIAN_POINT('',(0.0308035085019828,-0.01,0.013));
#2772=CARTESIAN_POINT('',(0.0183,-0.01,0.013));
#2773=CARTESIAN_POINT('',(0.0366,-0.01,0.013));
#2774=CARTESIAN_POINT('',(0.0366,-0.01,0.01195));
#2775=CARTESIAN_POINT('',(0.0366,-0.01,0.0248));
#2776=CARTESIAN_POINT('',(0.0289,-0.01,0.0248));
#2777=CARTESIAN_POINT('',(0.0235228992939254,-0.01,0.0248));
#2778=CARTESIAN_POINT('',(0.0204,-0.01,0.0239));
#2779=CARTESIAN_POINT('',(0.0212,-0.01,0.02705));
#2780=CARTESIAN_POINT('',(0.0212,-0.01,0.0293));
#2781=CARTESIAN_POINT('',(0.0212,-0.01,0.0338));
#2782=CARTESIAN_POINT('',(0.0289,-0.01,0.0338));
#2783=CARTESIAN_POINT('',(0.0366,-0.01,0.0338));
#2784=CARTESIAN_POINT('',(0.0366,-0.01,0.06105));
#2785=CARTESIAN_POINT('',(0.0366,-0.01,0.07));
#2786=CARTESIAN_POINT('',(0.0183,-0.01,0.07));
#2787=CARTESIAN_POINT('',(0.0308035085019828,-0.01,0.07));
#2788=CARTESIAN_POINT('',(0.0308035085019828,-0.01,0.04415));
#2789=CARTESIAN_POINT('',(0.0308035085019828,-0.01,0.0883));
#2790=CARTESIAN_POINT('',(0.0183,-0.01,0.0883));
#2791=CARTESIAN_POINT('',(0.0232315462117278,-0.01,0.0883));
#2792=CARTESIAN_POINT('',(0.0232315462117278,-0.01,0.095));
#2793=CARTESIAN_POINT('',(0.0232315462117278,-0.01,0.07));
#2794=CARTESIAN_POINT('',(0.0183,-0.01,0.07));
#2795=CARTESIAN_POINT('',(0.008,-0.01,0.07));
#2796=CARTESIAN_POINT('',(0.0183,-0.01,0.07));
#2797=CARTESIAN_POINT('',(-0.008,-0.01,0.0833));
#2798=CARTESIAN_POINT('',(-0.008,-0.01,0.0833));
#2799=CARTESIAN_POINT('',(-0.008,-0.008,0.0878825756949559));
#2800=CARTESIAN_POINT('',(-0.008,-0.005,0.0833));
#2801=CARTESIAN_POINT('',(-0.008,-0.008,0.0878825756949559));
#2802=CARTESIAN_POINT('',(-0.005,-0.008,0.0878825756949559));
#2803=CARTESIAN_POINT('',(-0.005,-0.01,0.0833));
#2804=CARTESIAN_POINT('',(-0.005,-0.005,0.0833));
#2805=CARTESIAN_POINT('',(-0.008,-0.005,0.0833));
#2806=CARTESIAN_POINT('',(-0.005,0.,0.0833));
#2807=CARTESIAN_POINT('',(-0.005,-0.008,0.0878825756949558));
#2808=CARTESIAN_POINT('',(-0.00431837300258274,-0.008,0.0878825756949558));
#2809=CARTESIAN_POINT('',(-0.00363648188741016,-0.008,0.0879236738868722));
#2810=CARTESIAN_POINT('',(-0.00295445115010336,-0.008,0.08798649805954));
#2811=CARTESIAN_POINT('',(-0.00295445115010336,-0.008,0.08798649805954));
#2812=CARTESIAN_POINT('',(-0.00295445115010336,-0.00800000000000001,0.08798649805954));
#2813=CARTESIAN_POINT('',(-0.00205093605155343,-0.00765870648239843,0.0879467732117392));
#2814=CARTESIAN_POINT('',(-0.000219661896894342,-0.0070626086250445,0.0880605038524515));
#2815=CARTESIAN_POINT('',(0.00167716505203378,-0.00663639233213264,0.0883));
#2816=CARTESIAN_POINT('',(0.00262534760051653,-0.00646947246468337,0.0883));
#2817=CARTESIAN_POINT('',(0.00262534760051654,-0.0064694724646834,0.0883));
#2818=CARTESIAN_POINT('',(-0.005,0.,0.0883));
#2819=CARTESIAN_POINT('',(0.005,0.,0.0883));
#2820=CARTESIAN_POINT('',(0.005,0.,0.0833));
#2821=CARTESIAN_POINT('',(0.,0.,0.0833));
#2822=CARTESIAN_POINT('',(-0.005,0.,0.0833));
#2823=CARTESIAN_POINT('',(-0.008,-0.005,0.04415));
#2824=CARTESIAN_POINT('',(-0.008,-0.008,0.04415));
#2825=CARTESIAN_POINT('',(-0.008,-0.008,0.013));
#2826=CARTESIAN_POINT('',(-0.008,-0.008,0.005));
#2827=CARTESIAN_POINT('',(-0.008,-0.005,0.013));
#2828=CARTESIAN_POINT('',(-0.008,-0.005,0.07));
#2829=CARTESIAN_POINT('',(-0.008,-0.008,0.07));
#2830=CARTESIAN_POINT('',(-0.008,-0.008,0.04415));
#2831=CARTESIAN_POINT('',(-0.008,-0.005,0.04415));
#2832=CARTESIAN_POINT('',(-0.008,-0.005,0.005));
#2833=CARTESIAN_POINT('',(-0.008,-0.01,0.005));
#2834=CARTESIAN_POINT('',(-0.008,-0.005,0.005));
#2835=CARTESIAN_POINT('',(0.008,-0.037,0.013));
#2836=CARTESIAN_POINT('',(-0.00888194301613413,-0.011,0.013));
#2837=CARTESIAN_POINT('',(-0.00888194301613412,-0.011,0.005));
#2838=CARTESIAN_POINT('',(-0.00888194301613412,-0.011,0.013));
#2839=CARTESIAN_POINT('',(0.008,-0.037,0.005));
#2840=CARTESIAN_POINT('',(0.008,-0.037,0.013));
#2841=CARTESIAN_POINT('',(0.008,-0.037,0.095));
#2842=CARTESIAN_POINT('',(-0.00295445115010336,-0.008,0.095));
#2843=CARTESIAN_POINT('',(-0.00295445115010334,-0.008,0.095));
#2844=CARTESIAN_POINT('',(0.008,-0.037,0.095));
#2845=CARTESIAN_POINT('',(0.0308035085019828,-0.016,0.095));
#2846=CARTESIAN_POINT('',(0.0308035085019828,-0.016,0.095));
#2847=CARTESIAN_POINT('',(0.0308035085019828,-0.016,0.07));
#2848=CARTESIAN_POINT('',(0.008,-0.037,0.07));
#2849=CARTESIAN_POINT('',(0.008,-0.037,0.0883));
#2850=CARTESIAN_POINT('',(0.0366,-0.01,0.06105));
#2851=CARTESIAN_POINT('',(0.0366,-0.0048,0.057));
#2852=CARTESIAN_POINT('',(0.0366,-0.0048,0.05915));
#2853=CARTESIAN_POINT('',(0.0366,-0.008,0.06105));
#2854=CARTESIAN_POINT('',(0.0366,-0.008,0.0833));
#2855=CARTESIAN_POINT('',(0.0366,-0.008,0.07));
#2856=CARTESIAN_POINT('',(0.0366,-0.01,0.07));
#2857=CARTESIAN_POINT('',(0.0366,-0.01,0.0338));
#2858=CARTESIAN_POINT('',(0.0366,0.,0.0338));
#2859=CARTESIAN_POINT('',(0.0366,0.,0.06105));
#2860=CARTESIAN_POINT('',(0.0366,0.,0.0833));
#2861=CARTESIAN_POINT('',(0.0366,-0.01,0.0833));
#2862=CARTESIAN_POINT('',(0.0316,-0.01,0.0833));
#2863=CARTESIAN_POINT('',(0.0316,-0.01,0.0883));
#2864=CARTESIAN_POINT('',(0.0316,-0.008,0.0883));
#2865=CARTESIAN_POINT('',(0.0316,0.,0.0883));
#2866=CARTESIAN_POINT('',(0.0316,-0.008,0.0833));
#2867=CARTESIAN_POINT('',(0.0316,0.,0.0833));
#2868=CARTESIAN_POINT('',(0.0183,-0.01,0.0883));
#2869=CARTESIAN_POINT('',(0.0308035085019828,-0.01,0.0883));
#2870=CARTESIAN_POINT('',(0.0308035085019828,-0.008,0.0883));
#2871=CARTESIAN_POINT('',(0.0183,-0.008,0.0883));
#2872=CARTESIAN_POINT('',(0.0183,0.,0.0883));
#2873=CARTESIAN_POINT('',(0.0183,-0.01,0.));
#2874=CARTESIAN_POINT('',(-0.005,0.,0.));
#2875=CARTESIAN_POINT('',(0.005,0.,0.));
#2876=CARTESIAN_POINT('',(0.0183,0.,0.));
#2877=CARTESIAN_POINT('',(0.0316,0.,0.));
#2878=CARTESIAN_POINT('',(0.0316,-0.01,0.));
#2879=CARTESIAN_POINT('',(0.0289,-0.01,0.0248));
#2880=CARTESIAN_POINT('',(0.0289,0.,0.0248));
#2881=CARTESIAN_POINT('',(0.0218422205101856,0.,0.0248));
#2882=CARTESIAN_POINT('',(0.0366,0.,0.0248));
#2883=CARTESIAN_POINT('',(0.0218422205101856,-0.01,0.0248));
#2884=CARTESIAN_POINT('',(0.0218422205101856,-0.007,0.0248));
#2885=CARTESIAN_POINT('',(0.0289,-0.007,0.0248));
#2886=CARTESIAN_POINT('',(0.0235228992939254,-0.007,0.0248));
#2887=CARTESIAN_POINT('',(0.0235228992939254,-0.01,0.0248));
#2888=CARTESIAN_POINT('',(0.0366,-0.01,0.0248));
#2889=CARTESIAN_POINT('',(0.0212,-0.01,0.0293));
#2890=CARTESIAN_POINT('',(0.0212,-0.007,0.0293));
#2891=CARTESIAN_POINT('',(0.0212,-0.007,0.02705));
#2892=CARTESIAN_POINT('',(0.0212,-0.007,0.0254));
#2893=CARTESIAN_POINT('',(0.0212,-0.01,0.0254));
#2894=CARTESIAN_POINT('',(0.0212,0.,0.0254));
#2895=CARTESIAN_POINT('',(0.0212,0.,0.0293));
#2896=CARTESIAN_POINT('',(0.0212,0.,0.0338));
#2897=CARTESIAN_POINT('',(0.0212,-0.01,0.0338));
#2898=CARTESIAN_POINT('',(0.0212,-0.01,0.02705));
#2899=CARTESIAN_POINT('',(0.0366,-0.01,0.01195));
#2900=CARTESIAN_POINT('',(0.0366,-0.01,0.013));
#2901=CARTESIAN_POINT('',(0.0366,-0.008,0.013));
#2902=CARTESIAN_POINT('',(0.0366,-0.008,0.01195));
#2903=CARTESIAN_POINT('',(0.0366,-0.008,0.005));
#2904=CARTESIAN_POINT('',(0.0366,-0.01,0.005));
#2905=CARTESIAN_POINT('',(0.0366,0.,0.005));
#2906=CARTESIAN_POINT('',(0.0366,0.,0.01195));
#2907=CARTESIAN_POINT('',(0.0289,-0.01,0.0338));
#2908=CARTESIAN_POINT('',(0.0289,0.,0.0338));
#2909=CARTESIAN_POINT('',(0.0183,0.,0.04415));
#2910=CARTESIAN_POINT('',(0.0062,0.,0.0239));
#2911=CARTESIAN_POINT('',(0.0062,0.,0.0222));
#2912=CARTESIAN_POINT('',(0.,0.,0.04415));
#2913=CARTESIAN_POINT('',(0.,0.,0.005));
#2914=CARTESIAN_POINT('',(0.0204,0.,0.0239));
#2915=CARTESIAN_POINT('',(0.0316,0.,0.005));
#2916=CARTESIAN_POINT('',(0.005,0.,0.005));
#2917=CARTESIAN_POINT('',(-0.008,-0.005,0.04415));
#2918=CARTESIAN_POINT('',(-0.005,-0.005,0.));
#2919=CARTESIAN_POINT('',(-0.005,-0.005,0.005));
#2920=CARTESIAN_POINT('',(-0.008,-0.005,0.005));
#2921=CARTESIAN_POINT('',(0.0204,-0.01,0.0239));
#2922=CARTESIAN_POINT('',(0.0204,-0.007,0.0239));
#2923=CARTESIAN_POINT('',(0.02365,-0.007,0.0239));
#2924=CARTESIAN_POINT('',(0.0204,-0.007,0.0239));
#2925=CARTESIAN_POINT('',(0.0204,-0.01,0.0239));
#2926=CARTESIAN_POINT('',(0.0062,-0.01,0.0239));
#2927=CARTESIAN_POINT('',(0.0062,-0.007,0.0239));
#2928=CARTESIAN_POINT('',(0.0062,-0.007,0.0256));
#2929=CARTESIAN_POINT('',(0.00945,-0.007,0.0239));
#2930=CARTESIAN_POINT('',(0.0062,-0.007,0.0239));
#2931=CARTESIAN_POINT('',(0.0062,-0.007,0.02715));
#2932=CARTESIAN_POINT('',(0.0062,-0.01,0.0239));
#2933=CARTESIAN_POINT('',(-0.005,0.,0.04415));
#2934=CARTESIAN_POINT('',(-0.005,0.,0.005));
#2935=CARTESIAN_POINT('',(-0.005,0.,0.005));
#2936=CARTESIAN_POINT('',(-0.005,-0.01,0.005));
#2937=CARTESIAN_POINT('',(0.0183,-0.01,0.005));
#2938=CARTESIAN_POINT('',(0.0316,-0.01,0.005));
#2939=CARTESIAN_POINT('',(0.0366,-0.01,0.005));
#2940=CARTESIAN_POINT('',(0.0286,-0.0048,0.057));
#2941=CARTESIAN_POINT('',(0.0273081496690908,-0.0048,0.057));
#2942=CARTESIAN_POINT('',(0.0286,-0.0048,0.057));
#2943=CARTESIAN_POINT('',(0.0286,-0.0048,0.05915));
#2944=CARTESIAN_POINT('',(0.0366,-0.0048,0.057));
#2945=CARTESIAN_POINT('',(0.008,-0.037,0.013));
#2946=CARTESIAN_POINT('',(0.008,-0.037,0.013));
#2947=CARTESIAN_POINT('',(0.028976176963403,-0.02,0.013));
#2948=CARTESIAN_POINT('',(0.008,-0.037,0.013));
#2949=CARTESIAN_POINT('',(-0.012976176963403,-0.02,0.013));
#2950=CARTESIAN_POINT('',(-0.012976176963403,-0.02,0.013));
#2951=CARTESIAN_POINT('',(-0.012976176963403,-0.02,0.005));
#2952=CARTESIAN_POINT('',(0.008,-0.037,0.005));
#2953=CARTESIAN_POINT('',(0.008,-0.037,0.005));
#2954=CARTESIAN_POINT('',(0.028976176963403,-0.02,0.005));
#2955=CARTESIAN_POINT('',(0.028976176963403,-0.02,0.013));
#2956=CARTESIAN_POINT('',(0.008,-0.037,0.013));
#2957=CARTESIAN_POINT('',(0.008,-0.037,0.013));
#2958=CARTESIAN_POINT('',(0.0308035085019828,-0.016,0.013));
#2959=CARTESIAN_POINT('',(0.0314495698785172,-0.02,0.013));
#2960=CARTESIAN_POINT('',(0.048,-0.02,0.013));
#2961=CARTESIAN_POINT('',(0.048,-0.018,0.013));
#2962=CARTESIAN_POINT('',(0.048,-0.008,0.013));
#2963=CARTESIAN_POINT('',(0.0394017542509914,-0.008,0.013));
#2964=CARTESIAN_POINT('',(0.0308035085019828,-0.008,0.013));
#2965=CARTESIAN_POINT('',(0.008,-0.037,0.005));
#2966=CARTESIAN_POINT('',(0.008,-0.037,0.005));
#2967=CARTESIAN_POINT('',(0.0308035085019828,-0.016,0.005));
#2968=CARTESIAN_POINT('',(0.0308035085019828,-0.008,0.005));
#2969=CARTESIAN_POINT('',(0.0394017542509914,-0.008,0.005));
#2970=CARTESIAN_POINT('',(0.048,-0.008,0.005));
#2971=CARTESIAN_POINT('',(0.048,-0.018,0.005));
#2972=CARTESIAN_POINT('',(0.048,-0.02,0.005));
#2973=CARTESIAN_POINT('',(0.0314495698785172,-0.02,0.005));
#2974=CARTESIAN_POINT('',(0.0314495698785172,-0.02,0.013));
#2975=CARTESIAN_POINT('',(0.044,-0.02,0.009));
#2976=CARTESIAN_POINT('',(0.044,-0.02,0.01115));
#2977=CARTESIAN_POINT('',(0.048,-0.02,0.013));
#2978=CARTESIAN_POINT('',(0.048,-0.018,0.013));
#2979=CARTESIAN_POINT('',(0.048,-0.008,0.013));
#2980=CARTESIAN_POINT('',(0.008,-0.037,0.013));
#2981=CARTESIAN_POINT('',(0.0308035085019828,-0.016,0.013));
#2982=CARTESIAN_POINT('',(-0.032,-0.018,0.013));
#2983=CARTESIAN_POINT('',(-0.032,-0.018,0.005));
#2984=CARTESIAN_POINT('',(-0.032,-0.008,0.005));
#2985=CARTESIAN_POINT('',(-0.032,-0.02,0.005));
#2986=CARTESIAN_POINT('',(-0.032,-0.02,0.013));
#2987=CARTESIAN_POINT('',(-0.032,-0.02,0.013));
#2988=CARTESIAN_POINT('',(-0.032,-0.018,0.013));
#2989=CARTESIAN_POINT('',(-0.032,-0.008,0.013));
#2990=CARTESIAN_POINT('',(-0.032,-0.008,0.013));
#2991=CARTESIAN_POINT('',(-0.0154495698785172,-0.02,0.013));
#2992=CARTESIAN_POINT('',(-0.028,-0.02,0.009));
#2993=CARTESIAN_POINT('',(-0.028,-0.02,0.01115));
#2994=CARTESIAN_POINT('',(-0.0154495698785172,-0.02,0.005));
#2995=CARTESIAN_POINT('',(-0.0154495698785172,-0.02,0.013));
#2996=CARTESIAN_POINT('',(0.008,-0.037,0.013));
#2997=CARTESIAN_POINT('',(-0.00260350850198275,-0.011,0.013));
#2998=CARTESIAN_POINT('',(-0.0234017542509913,-0.008,0.013));
#2999=CARTESIAN_POINT('',(0.008,-0.037,0.005));
#3000=CARTESIAN_POINT('',(-0.00260350850198275,-0.011,0.005));
#3001=CARTESIAN_POINT('',(-0.0234017542509913,-0.008,0.005));
#3002=CARTESIAN_POINT('',(0.008,-0.037,0.07));
#3003=CARTESIAN_POINT('',(0.0308035085019828,-0.008,0.07));
#3004=CARTESIAN_POINT('',(0.0394017542509914,-0.008,0.07));
#3005=CARTESIAN_POINT('',(0.048,-0.008,0.07));
#3006=CARTESIAN_POINT('',(0.048,-0.018,0.07));
#3007=CARTESIAN_POINT('',(0.048,-0.02,0.07));
#3008=CARTESIAN_POINT('',(0.0314495698785172,-0.02,0.07));
#3009=CARTESIAN_POINT('',(0.028976176963403,-0.02,0.07));
#3010=CARTESIAN_POINT('',(0.008,-0.037,0.07));
#3011=CARTESIAN_POINT('',(0.008,-0.037,0.095));
#3012=CARTESIAN_POINT('',(0.028976176963403,-0.02,0.095));
#3013=CARTESIAN_POINT('',(0.028976176963403,-0.02,0.095));
#3014=CARTESIAN_POINT('',(0.008,-0.037,0.095));
#3015=CARTESIAN_POINT('',(-0.012976176963403,-0.02,0.095));
#3016=CARTESIAN_POINT('',(-0.012976176963403,-0.02,0.095));
#3017=CARTESIAN_POINT('',(-0.012976176963403,-0.02,0.07));
#3018=CARTESIAN_POINT('',(0.008,-0.037,0.07));
#3019=CARTESIAN_POINT('',(0.0314495698785172,-0.02,0.095));
#3020=CARTESIAN_POINT('',(0.044,-0.02,0.0783333333333333));
#3021=CARTESIAN_POINT('',(0.044,-0.02,0.0804833333333333));
#3022=CARTESIAN_POINT('',(0.044,-0.02,0.0866666666666667));
#3023=CARTESIAN_POINT('',(0.044,-0.02,0.0888166666666667));
#3024=CARTESIAN_POINT('',(0.048,-0.02,0.095));
#3025=CARTESIAN_POINT('',(0.048,-0.02,0.095));
#3026=CARTESIAN_POINT('',(0.0314495698785172,-0.02,0.095));
#3027=CARTESIAN_POINT('',(0.048,-0.018,0.095));
#3028=CARTESIAN_POINT('',(0.048,-0.008,0.095));
#3029=CARTESIAN_POINT('',(0.048,-0.008,0.095));
#3030=CARTESIAN_POINT('',(0.048,-0.018,0.095));
#3031=CARTESIAN_POINT('',(0.008,-0.037,0.095));
#3032=CARTESIAN_POINT('',(0.008,-0.037,0.095));
#3033=CARTESIAN_POINT('',(-0.00888194301613415,-0.011,0.095));
#3034=CARTESIAN_POINT('',(-0.0148035085019827,-0.016,0.095));
#3035=CARTESIAN_POINT('',(-0.00888194301613416,-0.011,0.095));
#3036=CARTESIAN_POINT('',(-0.00888194301613414,-0.011,0.07));
#3037=CARTESIAN_POINT('',(0.008,-0.037,0.07));
#3038=CARTESIAN_POINT('',(-0.0148035085019827,-0.016,0.07));
#3039=CARTESIAN_POINT('',(-0.0148035085019827,-0.016,0.095));
#3040=CARTESIAN_POINT('',(-0.032,-0.018,0.095));
#3041=CARTESIAN_POINT('',(-0.032,-0.018,0.07));
#3042=CARTESIAN_POINT('',(-0.032,-0.008,0.07));
#3043=CARTESIAN_POINT('',(-0.032,-0.02,0.07));
#3044=CARTESIAN_POINT('',(-0.032,-0.02,0.095));
#3045=CARTESIAN_POINT('',(-0.032,-0.02,0.095));
#3046=CARTESIAN_POINT('',(-0.032,-0.018,0.095));
#3047=CARTESIAN_POINT('',(-0.032,-0.008,0.095));
#3048=CARTESIAN_POINT('',(-0.032,-0.008,0.095));
#3049=CARTESIAN_POINT('',(-0.0154495698785172,-0.02,0.095));
#3050=CARTESIAN_POINT('',(-0.028,-0.02,0.0783333333333334));
#3051=CARTESIAN_POINT('',(-0.028,-0.02,0.0804833333333334));
#3052=CARTESIAN_POINT('',(-0.028,-0.02,0.0866666666666667));
#3053=CARTESIAN_POINT('',(-0.028,-0.02,0.0888166666666667));
#3054=CARTESIAN_POINT('',(-0.0154495698785172,-0.02,0.07));
#3055=CARTESIAN_POINT('',(-0.0154495698785172,-0.02,0.095));
#3056=CARTESIAN_POINT('',(0.008,-0.037,0.095));
#3057=CARTESIAN_POINT('',(-0.0148035085019827,-0.008,0.095));
#3058=CARTESIAN_POINT('',(-0.0148035085019827,-0.011,0.095));
#3059=CARTESIAN_POINT('',(-0.00260350850198275,-0.011,0.095));
#3060=CARTESIAN_POINT('',(-0.0234017542509913,-0.008,0.095));
#3061=CARTESIAN_POINT('',(0.0394017542509914,-0.008,0.095));
#3062=CARTESIAN_POINT('',(0.0308035085019828,-0.008,0.095));
#3063=CARTESIAN_POINT('',(0.0308035085019828,-0.008,0.095));
#3064=CARTESIAN_POINT('',(0.008,-0.037,0.07));
#3065=CARTESIAN_POINT('',(-0.00260350850198275,-0.011,0.07));
#3066=CARTESIAN_POINT('',(-0.0148035085019827,-0.011,0.07));
#3067=CARTESIAN_POINT('',(-0.0148035085019827,-0.008,0.07));
#3068=CARTESIAN_POINT('',(-0.0234017542509913,-0.008,0.07));
#3069=CARTESIAN_POINT('',(0.0308035085019828,-0.008,0.095));
#3070=CARTESIAN_POINT('',(0.0308035085019828,-0.008,0.095));
#3071=CARTESIAN_POINT('',(0.0394017542509914,-0.008,0.095));
#3072=CARTESIAN_POINT('',(0.0308035085019828,-0.008,0.013));
#3073=CARTESIAN_POINT('',(0.0394017542509914,-0.008,0.013));
#3074=CARTESIAN_POINT('',(-0.0148035085019827,-0.008,0.095));
#3075=CARTESIAN_POINT('',(-0.0148035085019827,-0.011,0.0825));
#3076=CARTESIAN_POINT('',(-0.0234017542509913,-0.008,0.095));
#3077=CARTESIAN_POINT('',(-0.0234017542509913,-0.008,0.013));
#3078=CARTESIAN_POINT('',(-0.028,-0.012,0.0866666666666667));
#3079=CARTESIAN_POINT('',(-0.028,-0.0107081496690907,0.0866666666666667));
#3080=CARTESIAN_POINT('',(-0.028,-0.012,0.0866666666666667));
#3081=CARTESIAN_POINT('',(-0.028,-0.012,0.0888166666666667));
#3082=CARTESIAN_POINT('',(-0.028,-0.02,0.0866666666666667));
#3083=CARTESIAN_POINT('',(-0.028,-0.012,0.0783333333333334));
#3084=CARTESIAN_POINT('',(-0.028,-0.0107081496690907,0.0783333333333334));
#3085=CARTESIAN_POINT('',(-0.028,-0.012,0.0783333333333334));
#3086=CARTESIAN_POINT('',(-0.028,-0.012,0.0804833333333334));
#3087=CARTESIAN_POINT('',(-0.028,-0.02,0.0783333333333334));
#3088=CARTESIAN_POINT('',(0.044,-0.012,0.0866666666666667));
#3089=CARTESIAN_POINT('',(0.044,-0.0107081496690907,0.0866666666666667));
#3090=CARTESIAN_POINT('',(0.044,-0.012,0.0866666666666667));
#3091=CARTESIAN_POINT('',(0.044,-0.012,0.0888166666666667));
#3092=CARTESIAN_POINT('',(0.044,-0.02,0.0866666666666667));
#3093=CARTESIAN_POINT('',(0.044,-0.012,0.0783333333333333));
#3094=CARTESIAN_POINT('',(0.044,-0.0107081496690907,0.0783333333333333));
#3095=CARTESIAN_POINT('',(0.044,-0.012,0.0783333333333333));
#3096=CARTESIAN_POINT('',(0.044,-0.012,0.0804833333333333));
#3097=CARTESIAN_POINT('',(0.044,-0.02,0.0783333333333333));
#3098=CARTESIAN_POINT('',(-0.028,-0.012,0.009));
#3099=CARTESIAN_POINT('',(-0.028,-0.0107081496690907,0.009));
#3100=CARTESIAN_POINT('',(-0.028,-0.012,0.009));
#3101=CARTESIAN_POINT('',(-0.028,-0.012,0.01115));
#3102=CARTESIAN_POINT('',(-0.028,-0.02,0.009));
#3103=CARTESIAN_POINT('',(0.044,-0.012,0.009));
#3104=CARTESIAN_POINT('',(0.044,-0.0107081496690907,0.009));
#3105=CARTESIAN_POINT('',(0.044,-0.012,0.009));
#3106=CARTESIAN_POINT('',(0.044,-0.012,0.01115));
#3107=CARTESIAN_POINT('',(0.044,-0.02,0.009));
#3108=CARTESIAN_POINT('',(-0.00260350850198275,-0.011,0.0825));
#3109=CARTESIAN_POINT('',(-0.00260350850198275,-0.011,0.009));
#3110=CARTESIAN_POINT('',(0.,0.,0.));
#3111=CARTESIAN_POINT('',(0.0394017542509913,-0.058,0.095));
#3112=CARTESIAN_POINT('',(0.044,-0.058,0.0783333333333333));
#3113=CARTESIAN_POINT('',(0.044,-0.058,0.0815833333333333));
#3114=CARTESIAN_POINT('',(0.044,-0.058,0.0866666666666667));
#3115=CARTESIAN_POINT('',(0.044,-0.058,0.0899166666666667));
#3116=CARTESIAN_POINT('',(0.0394017542509913,-0.058,0.07));
#3117=CARTESIAN_POINT('',(0.048,-0.058,0.07));
#3118=CARTESIAN_POINT('',(0.0308035085019827,-0.058,0.07));
#3119=CARTESIAN_POINT('',(0.048,-0.058,0.095));
#3120=CARTESIAN_POINT('',(0.048,-0.058,0.095));
#3121=CARTESIAN_POINT('',(0.0394017542509913,-0.058,0.095));
#3122=CARTESIAN_POINT('',(0.0308035085019827,-0.058,0.095));
#3123=CARTESIAN_POINT('',(0.0308035085019827,-0.058,0.095));
#3124=CARTESIAN_POINT('',(0.048,-0.056,0.095));
#3125=CARTESIAN_POINT('',(0.048,-0.056,0.07));
#3126=CARTESIAN_POINT('',(0.048,-0.054,0.07));
#3127=CARTESIAN_POINT('',(0.048,-0.054,0.095));
#3128=CARTESIAN_POINT('',(0.048,-0.054,0.095));
#3129=CARTESIAN_POINT('',(0.048,-0.056,0.095));
#3130=CARTESIAN_POINT('',(0.0314495698785171,-0.054,0.095));
#3131=CARTESIAN_POINT('',(0.044,-0.054,0.0783333333333333));
#3132=CARTESIAN_POINT('',(0.044,-0.054,0.0799333333333333));
#3133=CARTESIAN_POINT('',(0.044,-0.054,0.0866666666666667));
#3134=CARTESIAN_POINT('',(0.044,-0.054,0.0882666666666667));
#3135=CARTESIAN_POINT('',(0.0314495698785171,-0.054,0.07));
#3136=CARTESIAN_POINT('',(0.0289761769634029,-0.054,0.07));
#3137=CARTESIAN_POINT('',(0.0289761769634029,-0.054,0.095));
#3138=CARTESIAN_POINT('',(0.0289761769634029,-0.054,0.095));
#3139=CARTESIAN_POINT('',(0.0314495698785171,-0.054,0.095));
#3140=CARTESIAN_POINT('',(0.008,-0.037,0.095));
#3141=CARTESIAN_POINT('',(0.008,-0.037,0.07));
#3142=CARTESIAN_POINT('',(-0.0129761769634029,-0.054,0.07));
#3143=CARTESIAN_POINT('',(-0.0129761769634029,-0.054,0.095));
#3144=CARTESIAN_POINT('',(-0.0129761769634029,-0.054,0.095));
#3145=CARTESIAN_POINT('',(0.008,-0.037,0.095));
#3146=CARTESIAN_POINT('',(-0.0154495698785171,-0.054,0.095));
#3147=CARTESIAN_POINT('',(-0.028,-0.054,0.0783333333333333));
#3148=CARTESIAN_POINT('',(-0.028,-0.054,0.0799333333333333));
#3149=CARTESIAN_POINT('',(-0.028,-0.054,0.0866666666666667));
#3150=CARTESIAN_POINT('',(-0.028,-0.054,0.0882666666666667));
#3151=CARTESIAN_POINT('',(-0.0154495698785171,-0.054,0.07));
#3152=CARTESIAN_POINT('',(-0.032,-0.054,0.07));
#3153=CARTESIAN_POINT('',(-0.032,-0.054,0.095));
#3154=CARTESIAN_POINT('',(-0.032,-0.054,0.095));
#3155=CARTESIAN_POINT('',(-0.0154495698785171,-0.054,0.095));
#3156=CARTESIAN_POINT('',(-0.032,-0.056,0.095));
#3157=CARTESIAN_POINT('',(-0.032,-0.056,0.07));
#3158=CARTESIAN_POINT('',(-0.032,-0.058,0.07));
#3159=CARTESIAN_POINT('',(-0.032,-0.058,0.095));
#3160=CARTESIAN_POINT('',(-0.032,-0.058,0.095));
#3161=CARTESIAN_POINT('',(-0.032,-0.056,0.095));
#3162=CARTESIAN_POINT('',(-0.0234017542509913,-0.058,0.095));
#3163=CARTESIAN_POINT('',(-0.028,-0.058,0.0783333333333333));
#3164=CARTESIAN_POINT('',(-0.028,-0.058,0.0815833333333333));
#3165=CARTESIAN_POINT('',(-0.028,-0.058,0.0866666666666667));
#3166=CARTESIAN_POINT('',(-0.028,-0.058,0.0899166666666667));
#3167=CARTESIAN_POINT('',(-0.0234017542509913,-0.058,0.07));
#3168=CARTESIAN_POINT('',(-0.0148035085019827,-0.058,0.07));
#3169=CARTESIAN_POINT('',(-0.0148035085019827,-0.058,0.095));
#3170=CARTESIAN_POINT('',(-0.0148035085019827,-0.058,0.095));
#3171=CARTESIAN_POINT('',(-0.0234017542509913,-0.058,0.095));
#3172=CARTESIAN_POINT('',(0.008,-0.037,0.095));
#3173=CARTESIAN_POINT('',(0.008,-0.037,0.07));
#3174=CARTESIAN_POINT('',(0.008,-0.037,0.095));
#3175=CARTESIAN_POINT('',(0.008,-0.037,0.095));
#3176=CARTESIAN_POINT('',(0.008,-0.037,0.07));
#3177=CARTESIAN_POINT('',(-0.028,-0.058,0.0866666666666667));
#3178=CARTESIAN_POINT('',(-0.028,-0.057,0.0866666666666667));
#3179=CARTESIAN_POINT('',(-0.028,-0.057,0.0882666666666667));
#3180=CARTESIAN_POINT('',(-0.02475,-0.057,0.0866666666666667));
#3181=CARTESIAN_POINT('',(-0.028,-0.057,0.0866666666666667));
#3182=CARTESIAN_POINT('',(-0.028,-0.057,0.0899166666666667));
#3183=CARTESIAN_POINT('',(-0.028,-0.058,0.0866666666666667));
#3184=CARTESIAN_POINT('',(-0.028,-0.058,0.0783333333333333));
#3185=CARTESIAN_POINT('',(-0.028,-0.057,0.0783333333333333));
#3186=CARTESIAN_POINT('',(-0.028,-0.057,0.0799333333333333));
#3187=CARTESIAN_POINT('',(-0.02475,-0.057,0.0783333333333333));
#3188=CARTESIAN_POINT('',(-0.028,-0.057,0.0783333333333333));
#3189=CARTESIAN_POINT('',(-0.028,-0.057,0.0815833333333333));
#3190=CARTESIAN_POINT('',(-0.028,-0.058,0.0783333333333333));
#3191=CARTESIAN_POINT('',(0.044,-0.058,0.0866666666666667));
#3192=CARTESIAN_POINT('',(0.044,-0.057,0.0866666666666667));
#3193=CARTESIAN_POINT('',(0.044,-0.057,0.0882666666666667));
#3194=CARTESIAN_POINT('',(0.04725,-0.057,0.0866666666666667));
#3195=CARTESIAN_POINT('',(0.044,-0.057,0.0866666666666667));
#3196=CARTESIAN_POINT('',(0.044,-0.057,0.0899166666666667));
#3197=CARTESIAN_POINT('',(0.044,-0.058,0.0866666666666667));
#3198=CARTESIAN_POINT('',(0.044,-0.058,0.0783333333333333));
#3199=CARTESIAN_POINT('',(0.044,-0.057,0.0783333333333333));
#3200=CARTESIAN_POINT('',(0.044,-0.057,0.0799333333333333));
#3201=CARTESIAN_POINT('',(0.04725,-0.057,0.0783333333333333));
#3202=CARTESIAN_POINT('',(0.044,-0.057,0.0783333333333333));
#3203=CARTESIAN_POINT('',(0.044,-0.057,0.0815833333333333));
#3204=CARTESIAN_POINT('',(0.044,-0.058,0.0783333333333333));
#3205=MECHANICAL_DESIGN_GEOMETRIC_PRESENTATION_REPRESENTATION('',(#1888),
#3208);
#3206=MECHANICAL_DESIGN_GEOMETRIC_PRESENTATION_REPRESENTATION('',(#1889),
#3209);
#3207=MECHANICAL_DESIGN_GEOMETRIC_PRESENTATION_REPRESENTATION('',(#1890),
#3210);
#3208=(
GEOMETRIC_REPRESENTATION_CONTEXT(3)
GLOBAL_UNCERTAINTY_ASSIGNED_CONTEXT((#3211))
GLOBAL_UNIT_ASSIGNED_CONTEXT((#3220,#3217,#3214))
REPRESENTATION_CONTEXT('Part 2','TOP_LEVEL_ASSEMBLY_PART')
);
#3209=(
GEOMETRIC_REPRESENTATION_CONTEXT(3)
GLOBAL_UNCERTAINTY_ASSIGNED_CONTEXT((#3212))
GLOBAL_UNIT_ASSIGNED_CONTEXT((#3221,#3218,#3215))
REPRESENTATION_CONTEXT('Part 1','TOP_LEVEL_ASSEMBLY_PART')
);
#3210=(
GEOMETRIC_REPRESENTATION_CONTEXT(3)
GLOBAL_UNCERTAINTY_ASSIGNED_CONTEXT((#3213))
GLOBAL_UNIT_ASSIGNED_CONTEXT((#3222,#3219,#3216))
REPRESENTATION_CONTEXT('Part 3','TOP_LEVEL_ASSEMBLY_PART')
);
#3211=UNCERTAINTY_MEASURE_WITH_UNIT(LENGTH_MEASURE(1.E-8),#3220,
'DISTANCE_ACCURACY_VALUE','Maximum Tolerance applied to model');
#3212=UNCERTAINTY_MEASURE_WITH_UNIT(LENGTH_MEASURE(2.E-5),#3221,
'DISTANCE_ACCURACY_VALUE','Maximum Tolerance applied to model');
#3213=UNCERTAINTY_MEASURE_WITH_UNIT(LENGTH_MEASURE(1.E-8),#3222,
'DISTANCE_ACCURACY_VALUE','Maximum Tolerance applied to model');
#3214=(
NAMED_UNIT(*)
SI_UNIT($,.STERADIAN.)
SOLID_ANGLE_UNIT()
);
#3215=(
NAMED_UNIT(*)
SI_UNIT($,.STERADIAN.)
SOLID_ANGLE_UNIT()
);
#3216=(
NAMED_UNIT(*)
SI_UNIT($,.STERADIAN.)
SOLID_ANGLE_UNIT()
);
#3217=(
NAMED_UNIT(*)
PLANE_ANGLE_UNIT()
SI_UNIT($,.RADIAN.)
);
#3218=(
NAMED_UNIT(*)
PLANE_ANGLE_UNIT()
SI_UNIT($,.RADIAN.)
);
#3219=(
NAMED_UNIT(*)
PLANE_ANGLE_UNIT()
SI_UNIT($,.RADIAN.)
);
#3220=(
LENGTH_UNIT()
NAMED_UNIT(*)
SI_UNIT($,.METRE.)
);
#3221=(
LENGTH_UNIT()
NAMED_UNIT(*)
SI_UNIT($,.METRE.)
);
#3222=(
LENGTH_UNIT()
NAMED_UNIT(*)
SI_UNIT($,.METRE.)
);
#3223=PRODUCT_DEFINITION_SHAPE('','',#3226);
#3224=PRODUCT_DEFINITION_SHAPE('','',#3227);
#3225=PRODUCT_DEFINITION_SHAPE('','',#3228);
#3226=PRODUCT_DEFINITION('','',#3232,#3229);
#3227=PRODUCT_DEFINITION('','',#3233,#3230);
#3228=PRODUCT_DEFINITION('','',#3234,#3231);
#3229=PRODUCT_DEFINITION_CONTEXT('',#3250,'design');
#3230=PRODUCT_DEFINITION_CONTEXT('',#3251,'design');
#3231=PRODUCT_DEFINITION_CONTEXT('',#3252,'design');
#3232=PRODUCT_DEFINITION_FORMATION_WITH_SPECIFIED_SOURCE('','',#3238,
 .NOT_KNOWN.);
#3233=PRODUCT_DEFINITION_FORMATION_WITH_SPECIFIED_SOURCE('','',#3239,
 .NOT_KNOWN.);
#3234=PRODUCT_DEFINITION_FORMATION_WITH_SPECIFIED_SOURCE('','',#3240,
 .NOT_KNOWN.);
#3235=PRODUCT_RELATED_PRODUCT_CATEGORY('','',(#3238));
#3236=PRODUCT_RELATED_PRODUCT_CATEGORY('','',(#3239));
#3237=PRODUCT_RELATED_PRODUCT_CATEGORY('','',(#3240));
#3238=PRODUCT('Part 2','Part 2','Part 2',(#3244));
#3239=PRODUCT('Part 1','Part 1','Part 1',(#3245));
#3240=PRODUCT('Part 3','Part 3','Part 3',(#3246));
#3241=PRODUCT_CATEGORY('','');
#3242=PRODUCT_CATEGORY('','');
#3243=PRODUCT_CATEGORY('','');
#3244=PRODUCT_CONTEXT('',#3250,'mechanical');
#3245=PRODUCT_CONTEXT('',#3251,'mechanical');
#3246=PRODUCT_CONTEXT('',#3252,'mechanical');
#3247=APPLICATION_PROTOCOL_DEFINITION('international standard',
'ap242_managed_model_based_3d_engineering',2020,#3250);
#3248=APPLICATION_PROTOCOL_DEFINITION('international standard',
'ap242_managed_model_based_3d_engineering',2020,#3251);
#3249=APPLICATION_PROTOCOL_DEFINITION('international standard',
'ap242_managed_model_based_3d_engineering',2020,#3252);
#3250=APPLICATION_CONTEXT('managed model based 3d engineering');
#3251=APPLICATION_CONTEXT('managed model based 3d engineering');
#3252=APPLICATION_CONTEXT('managed model based 3d engineering');
ENDSEC;
END-ISO-10303-21;
